team_id,team_name,rank,total_wins,total_losses,adj_win_perc,str_of_sched,rpi
4383eb6a-7fd8-4ff2-94c5-43c933121e88,Wildcats,1,36,4,0.9158,0.5906,0.6719
56913910-87f7-4ad7-ae3b-5cd9fb218fd9,Cavaliers,2,31,3,0.9051,0.5776,0.6595
fae4855b-1b64-4b40-a632-9ed345e1e952,Jayhawks,3,31,8,0.7705,0.6108,0.6507
faeb1160-5d15-4f26-99fc-c441cf21fc7f,Blue Devils,4,29,8,0.7987,0.5921,0.6438
0d8a328f-20ce-410b-bed1-15fc01308aaf,Musketeers,5,29,6,0.8217,0.5723,0.6346
b827dbdf-230f-4916-9703-3bb9004e26eb,Volunteers,6,26,9,0.7453,0.5868,0.6264
bdc2561d-f603-4fab-a262-f1d2af462277,Wolverines,7,32,8,0.8161,0.5602,0.6242
e9ca48b2-00ba-41c0-a02b-6885a2da1ff1,Tar Heels,8,26,11,0.7018,0.5978,0.6238
62a73b4a-e281-4483-a1f8-f1160a18e456,Wolf Pack,9,29,8,0.7943,0.5641,0.6216
a17dfc54-415f-49c3-a2e6-d6fa9db18b0a,Bearcats,10,31,5,0.8614,0.5415,0.6215
2267a1f4-68f6-418b-aaf6-2aa0c4b291f1,Wildcats,11,26,11,0.6928,0.5966,0.6207
dcf5c2e7-c227-4c20-af26-715d5f859412,Tigers,12,25,10,0.7203,0.5867,0.6201
12d7f888-675b-459f-9099-a38f771d8a95,Boilermakers,13,30,7,0.8024,0.559,0.6199
0c0608b3-f349-4f5e-9a10-7e6a744dd0d2,Tigers,14,26,8,0.7703,0.567,0.6178
61a3908a-7492-4b6f-809e-12c61976bb0a,Ramblers,15,31,6,0.8596,0.5352,0.6163
a41d5a05-4c11-4171-a57e-e7a1ea325a6d,Spartans,16,30,5,0.8428,0.5367,0.6132
a9f5c9a2-342c-4881-9996-5d5c05ec9bd9,Bulls,17,26,9,0.7643,0.5591,0.6104
7e42bca2-3cd7-4aca-aa46-f190fe5d8eb4,Rams,18,26,8,0.7703,0.5552,0.609
2f4d21f8-6d5f-48a5-abca-52a30583871a,Bulldogs,19,32,5,0.8571,0.5235,0.6069
9b166a3f-e64b-4825-bb6b-92c6f0418263,Wildcats,20,27,8,0.7707,0.5515,0.6063
857462b3-0ab6-4d26-9669-10ca354e382b,Buckeyes,21,25,9,0.7,0.5748,0.6061
ef184799-d79b-49d9-a662-991eaf4044cd,Aggies,22,22,13,0.6174,0.5952,0.6007
f8c705b7-87d3-411a-9c8b-5124daab0469,Red Raiders,23,27,10,0.7315,0.5552,0.5993
1f99a164-d593-4d81-85d5-0d7889d6f486,Cougars,24,27,8,0.7931,0.5285,0.5946
f38b58de-3273-4723-a78b-2f918e9aa2d5,Shockers,25,25,8,0.7358,0.5473,0.5944
8cd24de1-2be8-4b77-bcfa-47be0495a5f4,Orange,26,23,14,0.5828,0.5956,0.5924
22d90601-19d4-461b-a901-924d12f116ed,Bonnies,27,26,8,0.7821,0.5287,0.592
7aec5187-cb1b-45e5-8f7d-406d766cdc73,Hurricanes,28,22,10,0.6842,0.5608,0.5917
5016fe1a-9571-4d10-bf5b-b9c1b496bd57,Aggies,29,25,6,0.8207,0.513,0.5899
f770d3a2-221c-49ce-9c7a-680f7417fe9e,Mountaineers,30,26,11,0.6871,0.555,0.588
3d2f0819-8f3b-4ff3-afd6-6227c469a751,Blue Raiders,31,24,8,0.7531,0.5324,0.5876
f7fcbb6e-4a55-41ea-ba21-f763ed914467,Horned Frogs,32,21,12,0.609,0.5765,0.5847
aef5e386-d8e8-460c-8014-3a2f090fd988,Pirates,33,22,12,0.6301,0.5657,0.5818
912f8837-1d81-4ef9-a576-a21f271d4c64,Gators,34,21,13,0.5759,0.5818,0.5804
c70c23c4-ab09-4797-a1af-792c848ab17f,Razorbacks,35,23,12,0.6454,0.5571,0.5792
b18f34af-a7f1-4659-a2e5-fc11a31cd316,Gaels,35,30,6,0.8072,0.5033,0.5792
6ef40534-5fad-4755-84de-7dcbd645d1f0,Jackrabbits,37,24,7,0.8085,0.5025,0.579
93df9b18-e9fc-42a7-bb45-a736c203b4dc,Huskies,38,22,10,0.7067,0.5359,0.5786
d3c8a767-b6fc-45d4-a5f2-18406f2993f1,Seminoles,39,23,12,0.6599,0.5508,0.5781
3a000455-de7c-4ca8-880e-abdce7f21da9,Trojans,40,24,12,0.6386,0.5573,0.5776
18e89867-9201-41ce-ba19-fadddf92fa17,Catamounts,41,26,8,0.7952,0.5016,0.575
881380da-861c-4ab6-a7d2-20699d8ea883,Hilltoppers,42,26,11,0.7052,0.5295,0.5734
e52c9644-717a-46f4-bf16-aeca000b3b44,Huskies,43,21,13,0.5764,0.5721,0.5732
ec0d6b67-4b16-4b50-92b2-1a651dae6b0f,Bruins,44,21,12,0.6241,0.5559,0.5729
0d037a5d-827a-44dd-8b70-57603d671d5d,Utes,45,23,12,0.6471,0.5467,0.5718
c2104cdc-c83d-40d2-a3cd-df986e29f5d3,Crimson Tide,46,20,16,0.5195,0.5865,0.5698
b795ddbc-baab-4499-8803-52e8608520ab,Cardinals,47,22,14,0.5584,0.5733,0.5696
a1ba4b89-d97c-44e2-835f-79ad3ccaa5ae,Bulldogs,48,24,12,0.6571,0.5391,0.5686
77ca152a-cb2f-48a5-97b2-492351250d94,Tigers,49,19,13,0.5786,0.5635,0.5673
77a69fb0-1355-4342-ac09-b4cc7949d95e,Racers,50,24,6,0.8056,0.4869,0.5666
0b73b9b9-1e29-4b14-b5d8-0405fe942e32,Broncs,51,22,10,0.7391,0.5083,0.566
4aebd148-8119-4875-954c-66779867989b,Nittany Lions,52,26,13,0.655,0.5356,0.5654
f8b1bf00-5b73-4ac4-98c0-ec554027ae32,Cornhuskers,53,22,11,0.6772,0.5267,0.5643
98d2123a-c7b9-4b5f-8a81-43f76d8537dc,Bison,54,25,10,0.7647,0.4972,0.5641
63cad858-8654-4956-8438-8fe79cd1208a,Ragin' Cajuns,55,25,7,0.8067,0.4832,0.564
e3848467-66c0-41e5-8283-02e3586d8601,Grizzlies,56,24,8,0.8,0.4832,0.5624
7d3b9c72-cbdd-4b64-9aa3-a5bde9b75fdc,Friars,57,21,14,0.5762,0.5577,0.5623
d203f38a-a166-4258-bca2-e161b591ecfb,Wildcats,58,25,12,0.6527,0.5312,0.5616
bdb7d7a4-45f8-4bf3-ab85-15488c451494,Bulldogs,59,21,14,0.5724,0.5565,0.5605
6ed15092-2670-450a-99c2-61d861e87644,Longhorns,60,19,15,0.5274,0.5699,0.5592
c1c54dbf-805c-47fc-a707-c803e94db2a4,Broncos,61,22,9,0.7287,0.5026,0.5591
9c396fa7-c165-4599-8542-158bd0d9a199,Raiders,62,23,10,0.7279,0.502,0.5584
8548dacb-3636-48a8-8c46-611ab0c15fc0,Cougars,63,24,8,0.7941,0.4796,0.5582
612f7f66-1de1-4d42-b842-9a508daab911,Spartans,64,24,8,0.7826,0.4833,0.5581
8598d1b6-106b-4083-a512-2e495729525a,Owls,65,17,16,0.5168,0.5718,0.558
2920c5fa-1e86-4958-a7c4-1e97b8e201d8,Wildcats,65,21,12,0.6643,0.5226,0.558
b2fda957-e15c-4fb2-8a13-6e58496f561e,Sooners,67,18,14,0.5484,0.5597,0.5569
34dd83ac-64f2-4b73-8577-899b2a46f5cc,Rockets,68,22,11,0.6752,0.5167,0.5563
4200f37c-86e0-413e-a5c4-e5edf1e272e7,Wolverines,69,20,11,0.688,0.5119,0.5559
ad4bc983-8d2e-4e6f-a8f9-80840a786c64,Sun Devils,70,20,12,0.5942,0.5425,0.5554
683ab61f-546f-44da-b085-c3a5740554aa,Cardinal,71,19,16,0.5034,0.5704,0.5537
7d797407-623e-476d-b299-46de4275414d,Bluejays,72,20,12,0.6094,0.535,0.5536
52df1e19-b142-4a76-a439-ad68455d0581,Wolfpack,73,21,12,0.5912,0.541,0.5535
ce967953-5c50-4220-87b2-99acb9606e84,Monarchs,74,25,7,0.7885,0.4747,0.5532
509aacc4-c121-46a2-800a-d5431ef181d2,Redbirds,75,17,15,0.5379,0.5574,0.5525
06f7c904-0ac7-4125-b0f4-f4871bb69057,Golden Eagles,76,21,14,0.546,0.5541,0.552
e6914f16-ca37-4d2e-ba26-a425910283e2,Aztecs,77,21,11,0.6642,0.5132,0.5509
a0a22502-0d84-440c-84af-1fbb070ad54c,Bruins,78,24,9,0.7483,0.4848,0.5507
c31455b2-8a45-4248-aa8f-ce7eab1c6b02,Cougars,79,24,11,0.6879,0.5045,0.5503
80962f09-8821-48b6-8cf0-0cf0eea56aa8,Fighting Irish,80,20,15,0.5466,0.5512,0.5501
a2b8223d-40b3-4076-b5df-55655c2f8591,Bisons,81,20,10,0.7143,0.4946,0.5495
2959bd24-7007-41ae-a3a3-abdf26888cfc,Golden Hurricane,81,19,12,0.6124,0.5285,0.5495
1da70895-f77f-44ef-b216-d63c02e696eb,Ducks,81,23,13,0.6149,0.5277,0.5495
ad24b724-a11c-4dcd-a68c-67c53833ccb7,Tribe,84,17,12,0.6183,0.5254,0.5486
8aaad1c0-d16e-4b9f-8541-dac670addd71,Aggies,85,20,11,0.6939,0.4998,0.5483
db6e1cab-3fa3-4a93-a673-8b2a358ff4bf,Bears,86,18,15,0.4962,0.5651,0.5479
70e2bedd-3a0a-479c-ac99-e3f58aa6824b,Tigers,87,18,15,0.5037,0.5623,0.5477
a7127c0a-a466-47ae-91ad-9a71ee2c9427,Cowboys,88,19,13,0.5845,0.5334,0.5462
2778d005-cc14-4e58-9bf2-3fc37bffb62f,Terrapins,89,18,13,0.5455,0.5453,0.5453
4f4b0771-994c-4126-822d-7525aaa00f65,Bulldogs,90,18,15,0.539,0.5473,0.5452
58d8baa3-7624-4b21-a47f-a23df2bf8859,Thundering Herd,91,24,11,0.7075,0.4895,0.544
ca5318f2-48eb-4f6b-896a-966b900aa42f,Paladins,92,21,10,0.6879,0.4956,0.5437
324ccccc-575b-4b82-acb0-fbb8e68da13b,Hokies,93,21,12,0.6054,0.5228,0.5435
054c3e85-0552-4549-b123-7e84af6e7b6c,Knights,94,19,13,0.5704,0.5329,0.5423
1c7ec608-3b36-4cee-adac-9265e3792597,Gamecocks,95,16,16,0.4861,0.5606,0.542
d750d88f-f7b8-4bc3-a5f6-36e7a67ec93e,Buccaneers,96,23,9,0.7313,0.4753,0.5393
ab9a1315-293f-42d3-a164-860216e81576,Norse,97,20,10,0.6957,0.4856,0.5381
9fccbf28-2858-4263-821c-fdefb3c7efa3,Buffaloes,98,17,15,0.5081,0.547,0.5373
f2cf9ba2-ac8c-4d92-8e7a-48dd88e8f40b,Highlanders,99,21,13,0.6733,0.4905,0.5362
c946b7ac-5159-4817-93c4-fc9495c6425b,Coyotes,100,22,9,0.7383,0.4674,0.5351
7cdfcf92-7fe7-46f1-9b66-6912114182e6,Salukis,101,19,13,0.5956,0.5146,0.5348
c1f4aae1-aa16-4095-aeab-10e5c2a1236a,Red Storm,102,15,17,0.4257,0.5703,0.5341
39d00ef7-320d-47cf-a2fa-859bc24d16b4,Anteaters,102,16,17,0.5283,0.536,0.5341
255c2a87-40c0-4989-bbb9-d286aac5d28e,Gaels,104,20,14,0.6203,0.5027,0.5321
7e42fa84-68cd-47a6-b49a-18b5414d8084,Bears,105,23,12,0.6815,0.4822,0.532
ec6185b7-4e0c-4eb8-99ef-f3a4dccf6b91,Vandals,106,20,9,0.7092,0.4728,0.5319
4b3ff02c-e0ba-435b-a565-6075bc491684,Eagles,107,19,16,0.5259,0.5338,0.5318
e6c94452-1adf-4fb9-90e5-10f165c57c5a,Quakers,108,23,9,0.7244,0.4669,0.5313
36ca2008-cd2e-4549-8b3b-c745167e07f3,Pride,109,18,12,0.6053,0.5065,0.5312
ad9fce12-6b1a-400c-bcbe-29d84d065fc0,Bulldogs,110,19,13,0.625,0.4996,0.531
54df21af-8f65-42fc-bc01-8bf750856d70,Eagles,111,18,15,0.6131,0.5018,0.5296
8ab00d43-840a-4c96-bdee-bf88fa6e3f11,Cowboys,111,21,15,0.526,0.5308,0.5296
3b644902-cd06-4930-9a3e-6c78cfb1f464,Seahawks,113,21,10,0.728,0.4629,0.5292
32755362-6336-4dd3-ac34-6f72a6cc150b,Retrievers,114,22,11,0.698,0.4728,0.5291
5ef64f01-86ae-4553-9834-c79cc0859eaf,Lumberjacks,115,24,7,0.8085,0.435,0.5284
5c7bf63f-bc39-43c5-9907-73b50b7a6b34,Crimson,116,17,14,0.6124,0.4987,0.5271
3b6293f3-03db-46d2-8793-248963c2d83b,Gauchos,117,21,9,0.7357,0.4562,0.5261
c1c1e6df-a383-4fbd-ba7b-32d4f9ef9518,Rams,118,18,15,0.4968,0.5335,0.5243
1551b3a0-6d10-4ffa-8dfa-73b56f004553,Tigers,119,21,13,0.5724,0.5054,0.5221
94ea835b-8ce9-4de2-a5b1-971548fea974,Panthers,120,22,11,0.6918,0.4647,0.5215
b47d10b8-a2a5-47df-a2f9-7bd0b9d51beb,Braves,121,19,13,0.6077,0.4916,0.5206
dd8db4d8-d984-4cab-b7f6-22c6b8c2c45f,Bulldogs,122,19,11,0.6149,0.489,0.5205
c0d19efd-d40c-4e32-8e90-dbcb28178b5d,Colonels,123,17,11,0.6439,0.4791,0.5203
0113eea0-c943-4fff-9780-ae0fb099e7ef,Golden Griffins,124,21,12,0.6644,0.4719,0.52
2ed86226-3fff-4083-90fa-6b02307e6f73,Eagles,125,18,13,0.6131,0.4887,0.5198
d24efd99-8717-43b9-a086-9986a684ac04,Dons,126,21,17,0.5123,0.5219,0.5195
c009914b-3303-4dee-b915-978aa48a31d0,Titans,127,18,12,0.625,0.4836,0.5189
1b1977ec-b32f-4ce3-95a4-d07bab4816cd,Lobos,128,18,15,0.5248,0.5168,0.5188
c3f0a8ce-af67-497f-a750-3b859376b20a,Hoosiers,129,16,15,0.4662,0.5358,0.5184
315c4deb-3c9d-413d-a369-7168f2545d21,Cardinals,130,18,13,0.6016,0.49,0.5179
efba5350-79bc-47aa-a189-db177b95b491,Huskies,131,14,18,0.3881,0.5589,0.5162
b83de2df-328f-4303-9895-cdff048fb1ed,Bears,132,17,15,0.5208,0.5145,0.5161
3f4515ea-4472-46b9-ac9e-16d7d8f22a38,Mustangs,133,17,16,0.4599,0.5335,0.5151
c7569eae-5b93-4197-b204-6f3a62146b25,Badgers,134,15,18,0.4014,0.5515,0.514
72971b77-1d35-40b3-bb63-4c5b29f3d22b,Commodores,135,12,20,0.2985,0.5854,0.5137
7c2b372b-b5f0-466e-90cf-880beec57584,Mavericks,136,20,13,0.637,0.4721,0.5133
55cd5bb4-b030-4a7a-9652-6cebaf81c574,Lions,137,19,12,0.6871,0.454,0.5123
632616c5-2dbb-4017-a449-c9dfc303f026,Flyers,138,14,17,0.3967,0.5507,0.5122
6b955b96-b736-475e-bffd-e4acf2054169,Eagles,139,19,12,0.6463,0.4674,0.5121
620d5944-7156-47d3-aad5-5b3824557d03,Toreros,140,19,14,0.5528,0.4971,0.511
9916713f-b243-452b-93ae-a2c3ccabf68b,Terriers,141,18,13,0.585,0.4862,0.5109
2c93a75d-5449-4ec1-9ca2-1e6c812399a4,Panthers,141,14,16,0.4262,0.5392,0.5109
eb157f98-0697-459c-9293-ddb162ceb28b,Tigers,143,16,20,0.5139,0.5098,0.5108
290a5130-836d-45e6-824f-28704d6ba246,Great Danes,144,21,10,0.6934,0.4498,0.5107
4743cb7c-784a-4b95-a380-5471f92f2217,Wildcats,145,17,11,0.6045,0.4789,0.5103
f9e4261e-d11d-46c4-bd33-c7bbc94ef0e8,Hawks,146,16,16,0.5,0.5131,0.5098
68a3227f-677f-43b0-9a3a-cad79d0df9e2,Rebels,147,20,13,0.5806,0.4857,0.5095
5326c079-3dc3-468f-a601-b776dd9c1e62,Eagles,148,20,12,0.6154,0.4723,0.508
1e42cce3-236b-4f3e-9650-2c45e6332e1e,Billikens,149,16,16,0.4571,0.5243,0.5075
6f3eec09-2918-4739-a0e8-5d79e14a8332,Tigers,150,16,14,0.5522,0.4921,0.5072
aeaaef0d-5238-414e-ac04-c55a22cba208,Golden Grizzlies,151,19,14,0.5839,0.4814,0.507
d8217105-e9c2-4267-9538-3aaeea1ae167,Purple Aces,151,15,15,0.4741,0.518,0.507
a381465b-4530-4a00-a50c-5253cd7695a0,Stags,153,17,16,0.5182,0.5031,0.5069
3da4798c-2d58-4dac-b66e-ad145a91b544,Golden Flashes,154,16,17,0.4651,0.5173,0.5042
ca441726-0c57-4456-b1e7-fff098484fb5,Eagles,154,16,12,0.6094,0.4691,0.5042
d7d668ec-edaa-4d6b-be25-2ebba4128643,Rebels,156,12,20,0.3043,0.5704,0.5039
13358462-e05b-4449-8688-90c4622cdde8,Gamecocks,157,22,13,0.6503,0.4548,0.5036
a14b0057-8eb5-43d2-a33b-666196da933e,Bears,158,17,15,0.5625,0.4829,0.5028
f7575278-12ec-494a-b544-427c1759d43d,Purple Eagles,159,19,14,0.5879,0.4736,0.5022
87721c44-53a2-47aa-9b3a-0f1c99b0f328,Tigers,160,13,15,0.4846,0.5075,0.5018
472c22e0-843d-472c-a871-f1593fb0725d,Chippewas,161,18,15,0.5563,0.4827,0.5011
7672ff16-8436-47e6-8546-0fb5494ec7ee,Aggies,162,16,17,0.4741,0.5096,0.5007
6637ac5f-59c2-4888-af34-a86d138ccfb3,Red Flash,163,16,13,0.5984,0.4671,0.4999
79965018-7f6f-4273-9eef-65c99b592b01,Vikings,164,17,14,0.5828,0.4717,0.4995
10f450ce-143b-4e46-8bfe-52c644b68b07,Mean Green,165,18,18,0.4937,0.5005,0.4988
4fbebf0a-e117-4a0c-8f15-c247535a2a1b,Demon Deacons,166,11,20,0.3154,0.5594,0.4984
2d4f0015-adb4-4877-8c15-4a6eed7eed03,Cougars,167,12,19,0.3358,0.5512,0.4974
0f63a6f5-bda7-4fd9-9271-8d33f555ca19,Yellow Jackets,168,13,19,0.3258,0.5544,0.4972
532d3874-b4b3-4c5c-acc6-749a6db26c8f,Beavers,169,16,16,0.4444,0.5145,0.497
1165ca31-f181-4206-b727-c4e897e4b5cd,RedHawks,170,14,18,0.4658,0.5063,0.4962
fa416692-7e09-4f0a-9bcf-0cf7d5149a14,Golden Gophers,171,15,17,0.4191,0.5217,0.4961
c10544de-e3bd-4776-ba2e-83df8c017fd1,Hawkeyes,172,14,19,0.383,0.5335,0.4958
953151f2-1e42-4cb0-a99e-202493a64dcf,Roadrunners,173,17,15,0.5411,0.4803,0.4955
0e4258fa-3154-4c16-b693-adecab184c6c,Cyclones,174,13,18,0.3588,0.5407,0.4953
fe037cba-25d9-42f5-a461-61d7102c17de,Golden Eagles,175,17,14,0.5789,0.4671,0.4951
399ad7fb-de60-45a6-a71f-d26e00f1a4ec,Green Wave,176,14,17,0.4113,0.5228,0.4949
63a8fdcf-b51b-4de3-8a57-2a6e41d362ce,Blazers,177,18,13,0.563,0.4711,0.4941
a0fdb660-a822-4337-b01d-31c4d2c99c8a,Governors,178,17,15,0.5214,0.4845,0.4937
aed211c3-23a4-4188-ad70-22c6eba7d765,Bulldogs,178,16,17,0.4964,0.4928,0.4937
11a617d5-af03-4cce-bc8a-51114d9e41fe,49ers,180,13,18,0.4483,0.5078,0.4929
2a997096-a381-469d-a7e9-9e031c8b071c,Sycamores,181,11,18,0.3706,0.5324,0.4919
9b66e1e0-aace-4671-9be2-54c8acf5ecfc,Spiders,182,12,20,0.3544,0.5375,0.4917
3eacc387-0ad8-4c5e-a666-c8ab447d224f,Tigers,183,13,17,0.475,0.4969,0.4914
150148c2-ca8f-414f-8f41-d94a55d4a122,Fighting Illini,184,13,18,0.3488,0.5382,0.4909
d52c3640-069c-4554-982e-e6537c8044f1,Colonials,185,15,18,0.3985,0.5212,0.4905
67322042-9c40-4dc2-b33a-4754c02ec82a,Bearkats,185,17,15,0.5597,0.4674,0.4905
4b7dedc0-7b48-49a4-aad6-8a94a33274d2,Wildcats,187,14,17,0.4148,0.5154,0.4902
c9570e17-c4fd-41e6-908a-1a083941319d,Tigers,188,13,18,0.4172,0.5129,0.489
f2164f01-2cbc-4967-bb1c-93656d790921,Broncos,189,15,15,0.4931,0.4868,0.4883
3db7336c-c18a-441b-912e-e2a4408f12ea,Hawks,189,11,20,0.3669,0.5287,0.4883
91ec9ba2-12e5-4a75-9410-a166c82163fd,Panthers,189,15,18,0.5188,0.4782,0.4883
80a19b57-d6ab-4bee-934f-33a72c2e958a,Raiders,192,18,14,0.5821,0.4564,0.4878
ca478771-aa3d-4231-81e0-b70f519134fb,Bulldogs,193,15,15,0.553,0.4642,0.4864
8accb91e-6086-41b3-a420-7a82fa442365,Phoenix,194,12,18,0.4154,0.5093,0.4859
09920a5f-1b25-466c-b5ae-6167214f5ba9,Ospreys,194,11,19,0.4224,0.5071,0.4859
e76479d0-a768-46d2-89bf-7b9dae12bec8,Patriots,196,16,17,0.4516,0.4972,0.4858
ad9a3e21-4585-4e35-8946-290fe4a16f18,Explorers,197,13,19,0.3712,0.5239,0.4857
6906e22d-92fa-40cb-8c05-ec8391ac1979,Colonials,198,16,17,0.5342,0.4693,0.4855
7e100f63-0b32-49f6-a954-f5b7c8cf48ad,Redhawks,198,17,14,0.5294,0.4709,0.4855
dfe0d93f-94a5-47fb-b7aa-f74786e09acb,Flames,200,18,16,0.5357,0.4683,0.4852
559db90c-741f-40d1-aa81-3fdd1d4889f3,Flames,201,19,15,0.5536,0.4622,0.485
f7e6acc3-0778-4de5-940a-d88e20df1159,Antelopes,201,21,12,0.6031,0.4456,0.485
d4dc55b3-94fe-4d4f-b0bf-c50c5f064392,Warriors,203,15,13,0.4692,0.4877,0.4831
3b088563-ca8a-49a6-9e19-5e4cb186ae1d,Midshipmen,204,19,12,0.6178,0.4378,0.4828
df3da9d7-2d2b-44e2-99e2-08c4945a203b,Crusaders,205,13,17,0.4435,0.4958,0.4827
8ff733a9-9f93-46de-ba7e-cf6f7e429670,Bulldogs,206,15,16,0.4574,0.4909,0.4825
a9e4d292-d074-40e7-a81a-f9342929b979,Falcons,207,14,16,0.4789,0.4836,0.4824
327f09e2-e75f-4014-8ef7-caf9202cd583,Bobcats,208,13,17,0.3952,0.5042,0.477
8736b67f-5924-400b-bf94-3bd804c36600,Hoyas,209,15,15,0.4357,0.4899,0.4764
dba620d9-7282-4638-bf05-13caf48eeed1,Hawks,210,18,14,0.561,0.448,0.4763
6373b18c-62f6-49bc-bd4c-8959a2466516,Trojans,211,14,17,0.4593,0.4802,0.475
6776c7e6-f4c2-47bd-99e5-39fc179a3197,Tigers,212,16,14,0.6027,0.432,0.4747
984e7518-e418-45d5-9797-979b8c2085c1,Bison,213,12,17,0.438,0.4869,0.4746
6bff595c-32cb-4028-837c-c7de2a2107e6,Catamounts,214,11,19,0.3864,0.5029,0.4738
508f503f-dc57-4f4c-a01e-4f195e5c05c8,Mountain Hawks,215,15,14,0.5252,0.4563,0.4736
e7ff6d5c-07e9-42af-955d-0a0b8c1e2288,Privateers,216,13,17,0.4841,0.4693,0.473
6120ac5d-e0f2-4b28-9e6f-ee71596a7e88,Golden Eagles,217,12,18,0.4032,0.4954,0.4723
18585f21-1d63-4400-974c-433fd5073c34,Warhawks,218,13,16,0.4454,0.4812,0.4722
23426c0b-1705-4dfb-a0e2-efdbdd8fd6f6,Seawolves,219,12,19,0.4082,0.4932,0.4719
eda6c307-1e0f-4a28-82f4-ee9653b343fb,Cardinals,219,15,14,0.5461,0.4471,0.4719
fe406882-9f22-495e-9df6-ef357a6803c6,Tigers,221,12,16,0.4462,0.4802,0.4717
53aaac6a-796e-41a6-a04e-6ce74c5717f8,Aggies,222,18,15,0.6202,0.4219,0.4715
22984593-0701-4648-b8a8-f6d695238620,Mastodons,223,14,15,0.4959,0.4619,0.4704
de9a0e19-b83c-4b98-a6da-81c110cb364b,Terriers,223,14,16,0.5065,0.4583,0.4704
4af63ebd-d3c8-4772-bbde-938a078bd057,Chanticleers,225,11,18,0.3775,0.4981,0.468
de8fc8a7-253f-4597-8a48-a0104ef226ae,Fighting Hawks,226,10,20,0.3385,0.511,0.4679
ee09e6ad-3872-4745-bbb9-ebbd5c6f8318,Blue Demons,227,11,20,0.3248,0.5153,0.4677
7a270923-01d6-4a6f-a93e-e8786266d502,Jaspers,228,14,17,0.4604,0.4688,0.4667
79871449-f5a1-4650-b3cf-85b78fd6943e,Runnin' Bulldogs,229,11,18,0.3982,0.4891,0.4664
5d77800f-1ae6-4b66-8e97-b0dbb8bbc717,Panthers,230,15,16,0.4897,0.4582,0.4661
24051034-96bb-4f78-a3a6-312f3258780f,Panthers,231,8,24,0.1757,0.5621,0.4655
2da57857-b038-4ad3-8199-e3fb339f57d2,Roadrunners,232,9,18,0.3333,0.5092,0.4652
92456e1e-f48c-4385-96ab-14cb27d18726,Vaqueros,233,13,18,0.4286,0.477,0.4649
dfc2dfb7-aa67-4c48-99c9-4fa6c6bc4355,Bears,234,17,17,0.538,0.4382,0.4631
aacdc78d-b7fa-48f6-9686-2fdb8a95030e,Golden Bears,235,8,23,0.2264,0.5419,0.463
161354af-1f3e-4d58-88f7-e016ec74b7b6,Pirates,235,16,16,0.5362,0.4386,0.463
b03bb029-4499-4a2c-9074-5071ed360b21,Scarlet Knights,237,14,19,0.3262,0.508,0.4626
6f676cba-c1f9-45a4-9016-fb408fd525b1,Pioneers,238,13,15,0.4583,0.4619,0.461
87d88c93-29bc-4306-b0a6-87c6f6e80da1,Mountaineers,239,13,18,0.437,0.4687,0.4608
5fe4a398-1699-4442-a364-305b2f0ac01e,Mountaineers,240,16,14,0.5781,0.4201,0.4596
0affc15f-641d-4211-970d-fb9fb8d36842,Fightin Blue Hens,241,12,19,0.381,0.4838,0.4581
88ff8c00-958e-4ccf-a21d-77fab9e93692,Big Red,242,11,16,0.4261,0.4687,0.458
6a7083ab-1832-48c0-9168-427b35adbcde,Redhawks,243,12,17,0.4336,0.4657,0.4577
56fe0ab2-e4f0-47b9-8726-9ce23ebcde20,Zips,244,13,18,0.376,0.4843,0.4572
88104678-e53b-43b3-82f7-efb3a11cedb9,Minutemen,245,13,20,0.3333,0.4981,0.4569
1a470730-f328-4fb1-8bbf-36a069e4d6b2,Rams,246,10,21,0.2937,0.511,0.4567
095417ae-62b0-4109-afc4-d92918599dd4,Golden Eagles,247,8,20,0.3051,0.5066,0.4563
f2d01b77-0f5d-4574-9e49-2a3eaf822e44,Dragons,248,12,20,0.3582,0.4863,0.4543
c54279f9-3028-4663-893a-7d22482f8098,Seahawks,249,9,21,0.2846,0.5104,0.4539
82c12e8d-7c6c-47d8-b100-3cbc190d268e,Blackbirds,250,17,17,0.5069,0.4361,0.4538
6a67ba19-56a8-4dd8-a5ae-9e9f2523c274,Bengals,251,12,16,0.4444,0.4559,0.4531
500d7223-ecff-494b-9539-28427156c783,Highlanders,252,12,16,0.4063,0.4682,0.4527
b71d5a1b-2671-4e5a-b94b-06bfb22a27dd,Knights,253,11,18,0.4173,0.4637,0.4521
820c8f26-cf11-4997-b2e2-19f47bd2f72f,Kangaroos,254,8,21,0.2815,0.5057,0.4497
c7116621-45ed-4ab1-9ad9-dee524120569,Thunderbirds,255,11,19,0.3629,0.4756,0.4474
a3fef707-e4fc-48a0-82f1-f4ef01b76f45,Buccaneers,255,12,16,0.4545,0.445,0.4474
fea46ac5-6dad-43cd-a770-75554dbcc118,Dukes,257,16,16,0.4265,0.453,0.4464
23fec4e7-108f-4569-85d1-bef2f794e925,Panthers,258,10,19,0.3664,0.4728,0.4462
3f0ac618-3742-471a-9d1f-03e08f3deca2,Huskies,259,11,19,0.3362,0.4827,0.4461
bec40585-b587-4548-93f5-b7c00b046aea,Bobcats,259,11,19,0.3712,0.4711,0.4461
c851131a-5ecd-4670-81bc-b40f4837dd65,Owls,261,9,19,0.3309,0.4843,0.446
a311188e-1259-4fda-b0ea-c47cb52694b1,Panthers,262,11,16,0.4054,0.4591,0.4457
6e5dfe2c-28cc-411f-b846-af8436093ab2,Fighting Camels,263,15,16,0.4803,0.4334,0.4451
a8f75c12-c4db-401f-99e3-b48209d85274,Spartans,264,13,17,0.4552,0.4401,0.4439
aa7af640-5762-4686-9181-39f7b8a8186e,Falcons,264,10,19,0.3206,0.485,0.4439
e66d7ed2-9b4c-48c8-adaa-a276793b057d,Peacocks,266,14,18,0.4478,0.4414,0.443
28023973-1d9d-4d01-b939-dc8f9b44fb1c,Broncos,267,10,19,0.3185,0.4839,0.4425
e48e3dd5-721c-4d96-8ff4-790fe2597bfd,Colonels,268,9,20,0.3381,0.4756,0.4412
441a11b4-b506-45b3-8030-fe72a4381c40,Lions,268,10,20,0.3284,0.4788,0.4412
e4c315a0-e83f-4d14-856e-34a0463059e3,Eagles,268,16,16,0.5397,0.4084,0.4412
0796c3b6-5308-4aa0-8fdc-c65d39b043c6,Wildcats,271,16,14,0.5882,0.3907,0.4401
524e3eec-7dde-45c7-b3cc-6308cec73350,Dukes,272,9,22,0.2766,0.4943,0.4399
31aedd91-a77e-46c1-8bdc-80e9860c159d,Crusaders,273,12,19,0.4027,0.4522,0.4398
fb28bd56-9e56-40c1-992d-71c1e27fe4fd,Dolphins,274,11,18,0.3858,0.4573,0.4394
6dfaf0ba-47c4-4e05-b0a7-72734747d48f,Black Knights,275,12,17,0.4496,0.4338,0.4378
1e5dc9e4-c60d-487b-8279-dfbec9229faa,Bobcats,276,13,18,0.4379,0.4374,0.4375
a52b2ece-1f87-45b5-ae1e-8d0920479965,Wildcats,277,12,16,0.4559,0.4307,0.437
aba39ad0-6d9f-4946-bf7e-5c63bf966ce6,Saints,278,8,24,0.209,0.5127,0.4367
412e7f0d-fb93-4e6e-be1f-9a4c7490d121,Bulldogs,279,8,21,0.2815,0.4858,0.4347
2e8442e9-bd09-4d46-9dd3-de79433287f3,Owls,280,8,20,0.2759,0.4875,0.4346
a8ac24ca-3b7a-4610-ad99-042661584c48,Golden Panthers,281,11,18,0.3435,0.4648,0.4345
1394dd8a-040e-4509-9ee3-761d60eaf6c9,Golden Lions,282,14,21,0.4444,0.4308,0.4342
e19cfc47-f23f-4c64-ba29-2e6d12dc45b2,Terriers,283,11,18,0.3913,0.4482,0.434
a93bf4f2-3724-4539-8c8a-9ac8ee3741a6,Blue Devils,284,14,18,0.4853,0.4165,0.4337
68d2aa5b-714f-4652-96f3-b71e1752413f,Mavericks,285,7,22,0.2212,0.5042,0.4335
e30c0417-b220-424e-886e-dd1249e2ca5a,Vikings,286,11,23,0.3219,0.4706,0.4334
b7747a03-c85b-4de6-94bf-1b5b68553248,Eagles,287,6,21,0.2018,0.5102,0.4331
d2ef641c-70e4-48bb-b40d-ac654d179205,Cowboys,288,8,17,0.3604,0.4564,0.4324
a3b13d27-ec14-4a7d-88a2-0bc9f7b58984,Jaguars,289,13,18,0.4472,0.4273,0.4322
06d15d35-4955-4fdd-83d9-32d24dbd795b,Miners,290,10,20,0.2754,0.4815,0.43
c13f96ba-c79c-452f-9f63-3b45fae4e543,Bulldogs,291,8,22,0.2581,0.4867,0.4296
90ec10eb-38a4-4a69-b072-ef71d294933b,Jaguars,292,9,19,0.3182,0.4662,0.4292
10c614fa-9646-46cf-a1fb-5af96772bbb8,Jaguars,293,12,18,0.3793,0.4442,0.428
224e3b21-30e7-4a05-9e8c-62721d581db8,Pilots,294,7,22,0.2199,0.4969,0.4276
7888d144-563d-4f84-b99b-d120aecf1fef,Rams,295,9,22,0.223,0.4944,0.4266
a601205f-3bfe-4052-ac0b-b8f18cf3efd3,Pirates,296,10,20,0.2639,0.4804,0.4263
1b78e7f6-f25c-4921-98e2-9bc565f8dfb4,Titans,297,6,24,0.1918,0.5006,0.4234
c206712f-2298-4279-b76c-834ac42809b9,Cougars,298,9,21,0.3176,0.4586,0.4233
6a8d2a24-2128-47a0-913f-3d29e9d6592c,Bobcats,299,12,21,0.3576,0.4444,0.4227
9febd5fa-982f-4f40-ad1d-8e49be96cf4f,Skyhawks,300,8,21,0.3077,0.4592,0.4213
558abf02-97f4-4323-aa99-63c076d35932,Bears,301,10,16,0.3818,0.4338,0.4208
55af9c69-3675-4b9b-a882-96640b782fff,Bulls,302,10,22,0.2727,0.4699,0.4206
61a3e5ab-1be3-4694-b83f-edae0953f409,Phoenix,303,10,20,0.3175,0.4532,0.4192
6b170a32-8445-4cb1-8638-724996c3094b,Highlanders,304,7,22,0.2481,0.4753,0.4185
95826e36-ea33-4b51-83a8-7b4cc20999ee,Red Wolves,305,9,21,0.3162,0.452,0.4181
4927ef8b-e680-4fb8-b10e-2ea3eff32eab,River Hawks,306,11,18,0.3543,0.4367,0.4161
0dadedb0-2bd3-45e7-91a3-93af6c4e87f2,Trojans,307,6,24,0.1912,0.4899,0.4152
6af02334-9ac3-452f-bcf4-20abdb72bd07,Leopards,308,9,21,0.2823,0.4587,0.4146
c444e03b-d16b-48b2-9b18-823c2647d41d,Tigers,309,10,20,0.3636,0.4313,0.4144
45439cdb-af7a-4743-936c-dccc76b30877,Mustangs,310,7,22,0.2195,0.478,0.4134
267d417a-8f85-4c87-a15a-068c089a74c6,Hornets,311,8,23,0.2797,0.4568,0.4125
4c9fb59b-6cec-4b0d-bb0f-628b391d138c,Mocs,312,8,23,0.2256,0.4738,0.4118
576b816b-5b9a-4768-a62b-f8435a8272c2,Bears,313,11,19,0.4224,0.4078,0.4115
fe21a988-3e96-4f3c-8f9f-b449ccda43b0,Islanders,313,8,18,0.3333,0.4376,0.4115
ca74bd67-034c-4468-8487-6f983f5eb4f6,Lions,315,7,19,0.2451,0.4665,0.4111
227d3567-d57b-417e-afc4-735e4cb308a1,Keydets,316,7,21,0.2538,0.4623,0.4102
b06b63b0-20e6-4c78-bdcf-5feac3d7995e,Blue Hose,317,8,21,0.2677,0.457,0.4097
bb384635-c3a0-459a-8f13-fcd7177313e5,Owls,318,5,24,0.1655,0.4901,0.4089
da7d41bc-48b0-4a04-948f-792d6470bcb5,Penguins,319,6,24,0.197,0.4794,0.4088
1753768d-e46e-40b1-8d69-a8ae5cccec03,Lumberjacks,320,4,26,0.1667,0.4889,0.4084
29de4e5e-ee5b-48c8-bffc-1972e7da1e30,Spartans,321,3,26,0.0949,0.5128,0.4083
1dc13b18-f9b3-4bb9-b1cf-979fcd8c2b6f,Hornets,322,5,25,0.1418,0.4937,0.4057
17479d6f-c8f1-458b-9412-8c76279a2bb4,Waves,323,5,26,0.1206,0.4994,0.4047
93cb009e-5bbf-4081-b2c9-44028fe28096,Wildcats,324,8,21,0.252,0.4538,0.4033
cc9e5424-ab3b-41ec-b2aa-7e8a73d759c6,Leathernecks,325,8,16,0.2857,0.4411,0.4023
15d31915-fbd6-4ae3-8e4b-f3b563c56a18,Red Foxes,326,6,25,0.1745,0.4762,0.4008
cec2527e-5e1e-4817-a628-35666ef13b6e,Rattlers,327,8,25,0.2677,0.4443,0.4002
394d1b2b-7a19-4d43-b04a-5f366c24e5bf,Hatters,328,8,20,0.3143,0.4282,0.3997
fa0f8282-c4f1-490e-962c-f25350cd76f4,Bearcats,329,9,20,0.313,0.4263,0.398
175d34a7-3823-4e4f-9f11-2464f55360b8,Greyhounds,330,8,22,0.2373,0.4513,0.3978
a44f8c85-7ab6-4a4e-b6f1-c69a4cabe1ed,Bulldogs,331,8,22,0.2667,0.4408,0.3973
3556d445-b3f1-467e-b150-952b32dfb150,Pioneers,332,9,21,0.3082,0.4241,0.3951
8ddbfca9-a931-4908-aa31-9fcd17624b5f,49ers,333,5,23,0.1691,0.4676,0.393
22fbe5dc-c6db-4675-b3a3-2d8af7f5d313,Bison,334,8,23,0.281,0.4234,0.3878
600aad0e-85e7-4db8-be0b-94ba02a08e55,Lancers,335,4,26,0.137,0.4706,0.3872
2f513e67-f019-4eec-9096-fbc5911858b6,Eagles,336,6,24,0.2,0.4493,0.387
1bddc811-44cf-4e53-b4ab-11c8dc82c9de,Braves,337,7,21,0.2589,0.4232,0.3821
d60357bd-1205-42e9-9092-d986a2843a34,Big Green,338,6,20,0.2075,0.44,0.3819
5873529e-e5e3-4a06-8a03-fa4cbe509880,Delta Devils,339,4,28,0.127,0.4582,0.3754
2f8c85a7-54f4-4942-be16-2cbac77c82d7,Cougars,339,1,29,0.0238,0.4926,0.3754
95a27dc5-16d5-4745-9adb-34c41e1444e8,Huskies,341,3,25,0.1066,0.464,0.3746
61dadefa-76bf-4db4-8067-f88df540b9cd,Bulldogs,342,3,28,0.1172,0.4589,0.3735
cb732075-23a5-4e71-9037-50a7a002bdb2,Matadors,343,4,24,0.1515,0.4467,0.3729
5f9a90a2-3926-404e-8c8a-d9f22ad6907d,Eagles,344,5,27,0.1508,0.444,0.3707
2e78bd1b-9422-491e-9c73-37cf83b0e34e,Spartans,345,3,25,0.0948,0.4614,0.3697
0095032d-6143-44f2-8974-f6815fc56c5b,Black Bears,346,4,26,0.1493,0.4414,0.3684
912671c7-19fd-451b-813e-885485427820,Cardinals,347,3,21,0.1161,0.4524,0.3683
d20216d8-161c-46e3-b8d2-92208ddf5acf,Hawks,348,5,25,0.1466,0.4377,0.3649
71874e7e-8260-43f9-bb7c-65f267dbe8ce,Demons,349,2,23,0.1138,0.4417,0.3597
949c3398-85e4-4c63-ba71-9a82e06ddea4,Bulldogs,350,3,28,0.0963,0.4351,0.3504
ffa04cde-aa2d-4e91-b2cd-bde2bfed44de,Hornets,351,2,28,0.0469,0.4219,0.3281
61db8108-45f1-43e5-ade8-83278324bc7d,Lions,352,0,0,0.0,0.0,0.0
a43197e1-de68-41cf-bd75-88c695738601,Lancers,352,0,0,0.0,0.0,0.0
