team_market,team_name,team_id,total_games_played,total_minutes_played,total_field_goals_made,total_field_goals_att,total_field_goals_pct,total_two_points_made,total_two_points_att,total_two_points_pct,total_three_points_made,total_three_points_att,total_three_points_pct,total_blocked_att,total_free_throws_made,total_free_throws_att,total_free_throws_pct,total_offensive_rebounds,total_defensive_rebounds,total_rebounds,total_assists,total_turnovers,total_assists_turnover_ratio,total_steals,total_blocks,total_personal_fouls,total_tech_fouls,total_points,total_fast_break_pts,total_flagrant_fouls,total_points_off_turnovers,total_second_chance_pts,total_ejections,total_foulouts,total_points_in_paint,total_efficiency,total_true_shooting_att,total_true_shooting_pct,average_fast_break_pts,average_points_off_turnovers,average_second_chance_pts,average_minutes,average_points,average_off_rebounds,average_def_rebounds,average_rebounds,average_assists,average_steals,average_blocks,average_turnovers,average_personal_fouls,average_flagrant_fouls,average_blocked_att,average_field_goals_made,average_field_goals_att,average_three_points_made,average_three_points_att,average_free_throws_made,average_free_throws_att,average_two_points_made,average_two_points_att,average_points_in_paint,average_efficiency,average_true_shooting_att
Utah,Utes,0d037a5d-827a-44dd-8b70-57603d671d5d,30,6025.0,787,1682,899,491,6025.0,0.546,296,783,0.378,117,419,596,0.703,251,706,957,433,393,1.1,141,76,532,4,2289,326,4,371,348,0,5,892,2431,1944.24,0.589,10.87,12.37,11.6,200.8,76.3,8.37,23.53,31.9,14.4,4.7,2.53,13.1,17.73,0.13,3.9,26.23,56.07,9.87,26.1,13.97,19.87,16.37,29.97,29.73,81.03,64.81
Oregon,Ducks,1da70895-f77f-44ef-b216-d63c02e696eb,31,6225.0,779,1739,1046,543,6225.0,0.519,236,693,0.341,84,376,526,0.715,255,720,975,418,367,1.14,236,125,547,1,2170,300,4,453,331,0,10,916,2447,1970.44,0.551,9.68,14.61,10.68,200.8,70.0,8.23,23.23,31.45,13.5,7.61,4.03,11.84,17.65,0.13,2.71,25.13,56.1,7.61,22.35,12.13,16.97,17.52,33.74,29.55,78.94,63.56
Washington State,Cougars,2d4f0015-adb4-4877-8c15-4a6eed7eed03,31,6200.0,817,1809,1013,523,6200.0,0.516,294,796,0.369,78,414,547,0.757,235,731,966,463,419,1.11,164,88,541,4,2342,371,2,438,298,0,11,836,2479,2049.68,0.571,11.97,14.13,9.61,200.0,75.5,7.58,23.58,31.16,14.9,5.29,2.84,13.52,17.45,0.06,2.52,26.35,58.35,9.48,25.68,13.35,17.65,16.87,32.68,26.97,79.97,66.12
Utah,Utes,0d037a5d-827a-44dd-8b70-57603d671d5d,30,6025.0,787,1682,899,491,6025.0,0.546,296,783,0.378,117,419,596,0.703,251,706,957,433,393,1.1,141,76,532,4,2289,326,4,371,348,0,5,892,2431,1944.24,0.589,10.87,12.37,11.6,200.8,76.3,8.37,23.53,31.9,14.4,4.7,2.53,13.1,17.73,0.13,3.9,26.23,56.07,9.87,26.1,13.97,19.87,16.37,29.97,29.73,81.03,64.81
Oregon,Ducks,1da70895-f77f-44ef-b216-d63c02e696eb,31,6225.0,779,1739,1046,543,6225.0,0.519,236,693,0.341,84,376,526,0.715,255,720,975,418,367,1.14,236,125,547,1,2170,300,4,453,331,0,10,916,2447,1970.44,0.551,9.68,14.61,10.68,200.8,70.0,8.23,23.23,31.45,13.5,7.61,4.03,11.84,17.65,0.13,2.71,25.13,56.1,7.61,22.35,12.13,16.97,17.52,33.74,29.55,78.94,63.56
Washington State,Cougars,2d4f0015-adb4-4877-8c15-4a6eed7eed03,31,6200.0,817,1809,1013,523,6200.0,0.516,294,796,0.369,78,414,547,0.757,235,731,966,463,419,1.11,164,88,541,4,2342,371,2,438,298,0,11,836,2479,2049.68,0.571,11.97,14.13,9.61,200.0,75.5,7.58,23.58,31.16,14.9,5.29,2.84,13.52,17.45,0.06,2.52,26.35,58.35,9.48,25.68,13.35,17.65,16.87,32.68,26.97,79.97,66.12
USC,Trojans,3a000455-de7c-4ca8-880e-abdce7f21da9,31,6300.0,881,1919,1233,619,6300.0,0.502,262,686,0.382,89,341,532,0.641,265,769,1034,509,367,1.39,186,106,557,9,2365,307,6,439,308,0,16,1000,2604,2153.08,0.549,9.9,14.16,9.94,203.2,76.3,8.55,24.81,33.35,16.4,6.0,3.42,11.84,17.97,0.19,2.87,28.42,61.9,8.45,22.13,11.0,17.16,19.97,39.77,32.26,84.0,69.45
Oregon State,Beavers,532d3874-b4b3-4c5c-acc6-749a6db26c8f,30,6050.0,782,1675,1060,582,6050.0,0.549,200,615,0.325,81,453,612,0.74,269,706,975,460,377,1.22,179,160,514,0,2217,282,2,398,328,0,5,1050,2562,1944.28,0.57,9.4,13.27,10.93,201.7,73.9,8.97,23.53,32.5,15.3,5.97,5.33,12.57,17.13,0.07,2.7,26.07,55.83,6.67,20.5,15.1,20.4,19.4,35.33,35.0,85.4,64.81
Stanford,Cardinal,683ab61f-546f-44da-b085-c3a5740554aa,30,6025.0,781,1706,1079,581,6025.0,0.538,200,627,0.319,97,421,623,0.676,249,758,1007,382,452,0.85,179,139,564,3,2183,281,2,429,305,0,8,1090,2311,1980.12,0.551,9.37,14.3,10.17,200.8,72.8,8.3,25.27,33.57,12.7,5.97,4.63,15.07,18.8,0.07,3.23,26.03,56.87,6.67,20.9,14.03,20.77,19.37,35.97,36.33,77.03,66.0
Utah,Utes,0d037a5d-827a-44dd-8b70-57603d671d5d,30,6025.0,787,1682,899,491,6025.0,0.546,296,783,0.378,117,419,596,0.703,251,706,957,433,393,1.1,141,76,532,4,2289,326,4,371,348,0,5,892,2431,1944.24,0.589,10.87,12.37,11.6,200.8,76.3,8.37,23.53,31.9,14.4,4.7,2.53,13.1,17.73,0.13,3.9,26.23,56.07,9.87,26.1,13.97,19.87,16.37,29.97,29.73,81.03,64.81
Oregon,Ducks,1da70895-f77f-44ef-b216-d63c02e696eb,31,6225.0,779,1739,1046,543,6225.0,0.519,236,693,0.341,84,376,526,0.715,255,720,975,418,367,1.14,236,125,547,1,2170,300,4,453,331,0,10,916,2447,1970.44,0.551,9.68,14.61,10.68,200.8,70.0,8.23,23.23,31.45,13.5,7.61,4.03,11.84,17.65,0.13,2.71,25.13,56.1,7.61,22.35,12.13,16.97,17.52,33.74,29.55,78.94,63.56
Washington State,Cougars,2d4f0015-adb4-4877-8c15-4a6eed7eed03,31,6200.0,817,1809,1013,523,6200.0,0.516,294,796,0.369,78,414,547,0.757,235,731,966,463,419,1.11,164,88,541,4,2342,371,2,438,298,0,11,836,2479,2049.68,0.571,11.97,14.13,9.61,200.0,75.5,7.58,23.58,31.16,14.9,5.29,2.84,13.52,17.45,0.06,2.52,26.35,58.35,9.48,25.68,13.35,17.65,16.87,32.68,26.97,79.97,66.12
USC,Trojans,3a000455-de7c-4ca8-880e-abdce7f21da9,31,6300.0,881,1919,1233,619,6300.0,0.502,262,686,0.382,89,341,532,0.641,265,769,1034,509,367,1.39,186,106,557,9,2365,307,6,439,308,0,16,1000,2604,2153.08,0.549,9.9,14.16,9.94,203.2,76.3,8.55,24.81,33.35,16.4,6.0,3.42,11.84,17.97,0.19,2.87,28.42,61.9,8.45,22.13,11.0,17.16,19.97,39.77,32.26,84.0,69.45
Oregon State,Beavers,532d3874-b4b3-4c5c-acc6-749a6db26c8f,30,6050.0,782,1675,1060,582,6050.0,0.549,200,615,0.325,81,453,612,0.74,269,706,975,460,377,1.22,179,160,514,0,2217,282,2,398,328,0,5,1050,2562,1944.28,0.57,9.4,13.27,10.93,201.7,73.9,8.97,23.53,32.5,15.3,5.97,5.33,12.57,17.13,0.07,2.7,26.07,55.83,6.67,20.5,15.1,20.4,19.4,35.33,35.0,85.4,64.81
Stanford,Cardinal,683ab61f-546f-44da-b085-c3a5740554aa,30,6025.0,781,1706,1079,581,6025.0,0.538,200,627,0.319,97,421,623,0.676,249,758,1007,382,452,0.85,179,139,564,3,2183,281,2,429,305,0,8,1090,2311,1980.12,0.551,9.37,14.3,10.17,200.8,72.8,8.3,25.27,33.57,12.7,5.97,4.63,15.07,18.8,0.07,3.23,26.03,56.87,6.67,20.9,14.03,20.77,19.37,35.97,36.33,77.03,66.0
Arizona,Wildcats,9b166a3f-e64b-4825-bb6b-92c6f0418263,31,6250.0,771,1804,1127,541,6250.0,0.48,230,677,0.34,118,432,601,0.719,258,714,972,386,358,1.08,162,67,578,4,2204,328,1,427,283,0,15,936,2231,2068.44,0.533,10.58,13.77,9.13,201.6,71.1,8.32,23.03,31.35,12.5,5.23,2.16,11.55,18.65,0.03,3.81,24.87,58.19,7.42,21.84,13.94,19.39,17.45,36.35,30.19,71.97,66.72
Colorado,Buffaloes,9fccbf28-2858-4263-821c-fdefb3c7efa3,30,6025.0,793,1717,1123,601,6025.0,0.535,192,594,0.323,97,471,635,0.742,242,775,1017,406,392,1.04,158,92,520,0,2249,361,2,399,257,0,10,999,2442,1996.4,0.563,12.03,13.3,8.57,200.8,75.0,8.07,25.83,33.9,13.5,5.27,3.07,13.07,17.33,0.07,3.23,26.43,57.23,6.4,19.8,15.7,21.17,20.03,37.43,33.3,81.4,66.55
California,Golden Bears,aacdc78d-b7fa-48f6-9686-2fdb8a95030e,30,6025.0,723,1688,1118,524,6025.0,0.469,199,570,0.349,98,425,588,0.723,205,599,804,328,339,0.97,215,93,560,2,2070,288,3,412,227,0,13,858,2043,1946.72,0.532,9.6,13.73,7.57,200.8,69.0,6.83,19.97,26.8,10.9,7.17,3.1,11.3,18.67,0.1,3.27,24.1,56.27,6.63,19.0,14.17,19.6,17.47,37.27,28.6,68.1,64.89
Arizona State,Sun Devils,ad4bc983-8d2e-4e6f-a8f9-80840a786c64,30,6075.0,799,1787,1141,581,6075.0,0.509,218,646,0.337,99,516,772,0.668,304,781,1085,411,410,1.0,188,94,601,11,2332,282,6,439,340,0,16,978,2456,2126.68,0.548,9.4,14.63,11.33,202.5,77.7,10.13,26.03,36.17,13.7,6.27,3.13,13.67,20.03,0.2,3.3,26.63,59.57,7.27,21.53,17.2,25.73,19.37,38.03,32.6,81.87,70.89
Washington,Huskies,e52c9644-717a-46f4-bf16-aeca000b3b44,31,6225.0,767,1678,1019,538,6225.0,0.528,229,659,0.347,72,419,598,0.701,249,640,889,358,416,0.86,274,181,571,9,2182,332,3,524,301,0,10,948,2378,1941.12,0.562,10.71,16.9,9.71,200.8,70.4,8.03,20.65,28.68,11.5,8.84,5.84,13.42,18.42,0.1,2.32,24.74,54.13,7.39,21.26,13.52,19.29,17.35,32.87,30.58,76.71,62.62
UCLA,Bruins,ec0d6b67-4b16-4b50-92b2-1a651dae6b0f,31,6275.0,869,1895,1215,630,6275.0,0.519,239,680,0.351,100,452,716,0.631,318,864,1182,454,438,1.04,184,130,521,6,2429,363,7,418,403,0,2,1133,2651,2210.04,0.55,11.71,13.48,13.0,202.4,78.4,10.26,27.87,38.13,14.6,5.94,4.19,14.13,16.81,0.23,3.23,28.03,61.13,7.71,21.94,14.58,23.1,20.32,39.19,36.55,85.52,71.29
Jacksonville State,Gamecocks,13358462-e05b-4449-8688-90c4622cdde8,33,6725.0,953,2064,1430,753,6725.0,0.527,200,634,0.315,19,468,630,0.743,353,843,1196,451,440,1.03,245,138,552,12,2574,286,3,563,466,0,1,1216,2891,2341.2,0.55,8.67,17.06,14.12,203.8,78.0,10.7,25.55,36.24,13.7,7.42,4.18,13.33,16.73,0.09,0.58,28.88,62.55,6.06,19.21,14.18,19.09,22.82,43.33,36.85,87.61,70.95
Eastern Illinois,Panthers,23fec4e7-108f-4569-85d1-bef2f794e925,32,6550.0,826,1912,1177,554,6550.0,0.471,272,735,0.37,12,375,545,0.688,306,761,1067,434,427,1.02,200,120,569,5,2299,180,1,487,342,0,1,829,2437,2151.8,0.534,5.63,15.22,10.69,204.7,71.8,9.56,23.78,33.34,13.6,6.25,3.75,13.34,17.78,0.03,0.38,25.81,59.75,8.5,22.97,11.72,17.03,17.31,36.78,25.91,76.16,67.24
Southeast Missouri State,Redhawks,6a7083ab-1832-48c0-9168-427b35adbcde,31,6325.0,796,1809,1090,530,6325.0,0.486,266,719,0.37,20,358,519,0.69,237,754,991,402,447,0.9,182,75,615,3,2216,188,0,385,255,0,3,824,2245,2037.36,0.544,6.06,12.42,8.23,204.0,71.5,7.65,24.32,31.97,13.0,5.87,2.42,14.42,19.84,0.0,0.65,25.68,58.35,8.58,23.19,11.55,16.74,17.1,35.16,26.58,72.42,65.72
Murray State,Racers,77a69fb0-1355-4342-ac09-b4cc7949d95e,31,6200.0,938,1890,1195,696,6200.0,0.582,242,695,0.348,34,464,629,0.738,304,800,1104,560,373,1.5,235,142,506,6,2582,518,0,570,370,0,3,1262,3133,2166.76,0.596,16.71,18.39,11.94,200.0,83.3,9.81,25.81,35.61,18.1,7.58,4.58,12.03,16.32,0.0,1.1,30.26,60.97,7.81,22.42,14.97,20.29,22.45,38.55,40.71,101.06,69.9
Tennessee State,Tigers,87721c44-53a2-47aa-9b3a-0f1c99b0f328,30,6050.0,751,1739,1023,511,6050.0,0.5,240,716,0.335,17,440,628,0.701,278,675,953,342,497,0.69,219,78,735,9,2182,178,1,473,309,0,2,925,2101,2015.32,0.541,5.93,15.77,10.3,201.7,72.7,9.27,22.5,31.77,11.4,7.3,2.6,16.57,24.5,0.03,0.57,25.03,57.97,8.0,23.87,14.67,20.93,17.03,34.1,30.83,70.03,67.18
Tennessee-Martin,Skyhawks,9febd5fa-982f-4f40-ad1d-8e49be96cf4f,31,6250.0,854,1915,1189,604,6250.0,0.508,250,726,0.344,11,398,528,0.754,314,659,973,441,418,1.06,223,88,490,6,2356,342,0,483,392,0,3,1022,2472,2147.32,0.549,11.03,15.58,12.65,201.6,76.0,10.13,21.26,31.39,14.2,7.19,2.84,13.48,15.81,0.0,0.35,27.55,61.77,8.06,23.42,12.84,17.03,19.48,38.35,32.97,79.74,69.27
Belmont,Bruins,a0a22502-0d84-440c-84af-1fbb070ad54c,31,6250.0,987,1976,1106,662,6250.0,0.599,325,870,0.374,23,411,557,0.738,236,889,1125,616,360,1.71,213,117,481,3,2695,287,0,470,312,0,1,1263,3271,2221.08,0.607,9.26,15.16,10.06,201.6,86.9,7.61,28.68,36.29,19.9,6.87,3.77,11.61,15.52,0.0,0.74,31.84,63.74,10.48,28.06,13.26,17.97,21.35,35.68,40.74,105.52,71.65
Austin Peay,Governors,a0fdb660-a822-4337-b01d-31c4d2c99c8a,33,6675.0,973,2060,1358,705,6675.0,0.519,268,702,0.382,16,498,705,0.706,369,774,1143,454,392,1.16,252,110,596,8,2712,206,0,569,433,0,1,1164,2985,2370.2,0.572,6.24,17.24,13.12,202.3,82.2,11.18,23.45,34.64,13.8,7.64,3.33,11.88,18.06,0.0,0.48,29.48,62.42,8.12,21.27,15.09,21.36,21.36,41.15,35.27,90.45,71.82
Morehead State,Eagles,b7747a03-c85b-4de6-94bf-1b5b68553248,33,6675.0,855,1993,1231,595,6675.0,0.483,260,762,0.341,25,461,654,0.705,300,772,1072,440,402,1.09,186,137,561,11,2431,187,0,506,342,0,2,1006,2533,2280.76,0.533,5.67,15.33,10.36,202.3,73.7,9.09,23.39,32.48,13.3,5.64,4.15,12.18,17.0,0.0,0.76,25.91,60.39,7.88,23.09,13.97,19.82,18.03,37.3,30.48,76.76,69.11
SIU-Edwardsville,Cougars,c206712f-2298-4279-b76c-834ac42809b9,31,6400.0,794,1898,1233,593,6400.0,0.481,201,665,0.302,15,476,677,0.703,294,689,983,382,437,0.87,198,70,612,9,2265,293,0,472,317,0,2,958,2156,2195.88,0.516,9.45,15.23,10.23,206.5,73.1,9.48,22.23,31.71,12.3,6.39,2.26,14.1,19.74,0.0,0.48,25.61,61.23,6.48,21.45,15.35,21.84,19.13,39.77,30.9,69.55,70.83
Eastern Kentucky,Colonels,e48e3dd5-721c-4d96-8ff4-790fe2597bfd,31,6325.0,902,2125,1293,630,6325.0,0.487,272,832,0.327,18,486,683,0.712,328,741,1069,457,447,1.02,317,101,661,3,2562,239,1,636,354,0,2,1010,2639,2425.52,0.528,7.71,20.52,11.42,204.0,82.6,10.58,23.9,34.48,14.7,10.23,3.26,14.42,21.32,0.03,0.58,29.1,68.55,8.77,26.84,15.68,22.03,20.32,41.71,32.58,85.13,78.24
Tennessee Tech,Golden Eagles,fe037cba-25d9-42f5-a461-61d7102c17de,31,6250.0,742,1784,1164,529,6250.0,0.454,213,620,0.344,31,407,645,0.631,283,713,996,389,517,0.75,226,134,554,5,2104,257,1,437,306,0,2,937,2052,2067.8,0.509,8.29,14.1,9.87,201.6,67.9,9.13,23.0,32.13,12.5,7.29,4.32,16.68,17.87,0.03,1.0,23.94,57.55,6.87,20.0,13.13,20.81,17.06,37.55,30.23,66.19,66.7
Indiana State,Sycamores,2a997096-a381-469d-a7e9-9e031c8b071c,31,6250.0,757,1719,1228,579,6250.0,0.471,178,491,0.363,86,454,621,0.731,205,706,911,342,401,0.85,207,73,586,2,2146,276,1,455,248,0,11,980,2149,1992.24,0.539,8.9,14.68,8.0,201.6,69.2,6.61,22.77,29.39,11.0,6.68,2.35,12.94,18.9,0.03,2.77,24.42,55.45,5.74,15.84,14.65,20.03,18.68,39.61,31.61,69.32,64.27
Northern Iowa,Panthers,2c93a75d-5449-4ec1-9ca2-1e6c812399a4,34,6800.0,769,1847,1055,493,6800.0,0.467,276,792,0.348,65,401,537,0.747,225,802,1027,370,393,0.94,165,75,554,3,2215,94,1,435,216,0,5,668,2245,2083.28,0.532,2.76,12.79,6.35,200.0,65.1,6.62,23.59,30.21,10.9,4.85,2.21,11.56,16.29,0.03,1.91,22.62,54.32,8.12,23.29,11.79,15.79,14.5,31.03,19.65,66.03,61.27
Illinois State,Redbirds,509aacc4-c121-46a2-800a-d5431ef181d2,33,6650.0,813,1887,1153,569,6650.0,0.493,244,734,0.332,80,387,540,0.717,254,783,1037,421,417,1.01,162,106,578,3,2257,155,0,420,316,0,10,888,2339,2124.6,0.531,4.7,12.73,9.58,201.5,68.4,7.7,23.73,31.42,12.8,4.91,3.21,12.64,17.52,0.0,2.42,24.64,57.18,7.39,22.24,11.73,16.36,17.24,34.94,26.91,70.88,64.38
Loyola (IL),Ramblers,61a3908a-7492-4b6f-809e-12c61976bb0a,33,6600.0,805,1632,1083,604,6600.0,0.558,201,549,0.366,124,359,539,0.666,162,762,924,448,393,1.14,212,73,457,0,2170,158,3,498,197,0,2,1065,2427,1869.16,0.58,4.79,15.09,5.97,200.0,65.8,4.91,23.09,28.0,13.6,6.42,2.21,11.91,13.85,0.09,3.76,24.39,49.45,6.09,16.64,10.88,16.33,18.3,32.82,32.27,73.55,56.64
Southern Illinois,Salukis,7cdfcf92-7fe7-46f1-9b66-6912114182e6,32,6400.0,802,1720,1150,589,6400.0,0.512,213,570,0.374,86,377,550,0.685,248,739,987,438,448,0.98,212,129,474,5,2194,176,0,438,304,0,6,978,2421,1962.0,0.559,5.5,13.69,9.5,200.0,68.6,7.75,23.09,30.84,13.7,6.63,4.03,14.0,14.81,0.0,2.69,25.06,53.75,6.66,17.81,11.78,17.19,18.41,35.94,30.56,75.66,61.31
Drake,Bulldogs,aed211c3-23a4-4188-ad70-22c6eba7d765,33,6700.0,880,1868,1118,607,6700.0,0.543,273,750,0.364,70,457,607,0.753,220,844,1064,508,436,1.17,174,126,549,2,2490,205,3,412,269,0,6,1050,2788,2135.08,0.583,6.21,12.48,8.15,203.0,75.5,6.67,25.58,32.24,15.4,5.27,3.82,13.21,16.64,0.09,2.12,26.67,56.61,8.27,22.73,13.85,18.39,18.39,33.88,31.82,84.48,64.7
Bradley,Braves,b47d10b8-a2a5-47df-a2f9-7bd0b9d51beb,34,6825.0,790,1822,1190,559,6825.0,0.47,231,632,0.366,66,453,654,0.693,281,805,1086,410,430,0.95,183,128,599,11,2264,192,5,455,307,0,8,938,2408,2109.76,0.537,5.65,13.38,9.03,200.7,66.6,8.26,23.68,31.94,12.1,5.38,3.76,12.65,17.62,0.15,1.94,23.24,53.59,6.79,18.59,13.32,19.24,16.44,35.0,27.59,70.82,62.05
Missouri State,Bears,b83de2df-328f-4303-9895-cdff048fb1ed,32,6425.0,774,1714,1065,550,6425.0,0.516,224,649,0.345,71,434,627,0.692,241,692,933,354,385,0.92,221,127,545,10,2206,174,3,503,271,0,7,977,2323,1989.88,0.554,5.44,15.72,8.47,200.8,68.9,7.53,21.63,29.16,11.1,6.91,3.97,12.03,17.03,0.09,2.22,24.19,53.56,7.0,20.28,13.56,19.59,17.19,33.28,30.53,72.59,62.18
Evansville,Purple Aces,d8217105-e9c2-4267-9538-3aaeea1ae167,32,6475.0,747,1776,1000,483,6475.0,0.483,264,776,0.34,72,476,660,0.721,190,827,1017,394,415,0.95,185,89,603,9,2234,171,6,401,222,0,9,860,2291,2066.4,0.541,5.34,12.53,6.94,202.3,69.8,5.94,25.84,31.78,12.3,5.78,2.78,12.97,18.84,0.19,2.25,23.34,55.5,8.25,24.25,14.88,20.63,15.09,31.25,26.88,71.59,64.58
Valparaiso,Crusaders,df3da9d7-2d2b-44e2-99e2-08c4945a203b,33,6675.0,802,1783,1198,617,6675.0,0.515,185,585,0.316,75,416,595,0.699,246,780,1026,431,439,0.98,202,101,546,6,2205,312,3,457,297,0,9,1052,2366,2044.8,0.539,9.45,13.85,9.0,202.3,66.8,7.45,23.64,31.09,13.1,6.12,3.06,13.3,16.55,0.09,2.27,24.3,54.03,5.61,17.73,12.61,18.03,18.7,36.3,31.88,71.7,61.96
Iowa State,Cyclones,0e4258fa-3154-4c16-b693-adecab184c6c,31,6200.0,874,1833,1109,612,6200.0,0.552,262,724,0.362,76,399,548,0.728,255,750,1005,482,342,1.41,219,140,463,5,2409,300,1,473,304,0,7,1006,2805,2074.12,0.581,9.68,15.26,9.81,200.0,77.7,8.23,24.19,32.42,15.5,7.06,4.52,11.03,14.94,0.03,2.45,28.19,59.13,8.45,23.35,12.87,17.68,19.74,35.77,32.45,90.48,66.91
Texas,Longhorns,6ed15092-2670-450a-99c2-61d861e87644,31,6250.0,781,1793,1019,517,6250.0,0.507,264,774,0.341,107,381,534,0.713,281,697,978,397,343,1.16,186,127,521,3,2207,164,1,434,312,0,8,928,2387,2027.96,0.544,5.29,14.0,10.06,201.6,71.2,9.06,22.48,31.55,12.8,6.0,4.1,11.06,16.81,0.03,3.45,25.19,57.84,8.52,24.97,12.29,17.23,16.68,32.87,29.94,77.0,65.42
Oklahoma State,Cowboys,8ab00d43-840a-4c96-bdee-bf88fa6e3f11,31,6225.0,733,1734,1010,461,6225.0,0.456,272,724,0.376,102,370,537,0.689,232,728,960,409,376,1.09,174,131,504,6,2108,302,2,378,295,0,12,742,2238,1970.28,0.535,9.74,12.19,9.52,200.8,68.0,7.48,23.48,30.97,13.2,5.61,4.23,12.13,16.26,0.06,3.29,23.65,55.94,8.77,23.35,11.94,17.32,14.87,32.58,23.94,72.19,63.56
Oklahoma,Sooners,b2fda957-e15c-4fb2-8a13-6e58496f561e,31,6225.0,802,1802,1195,594,6225.0,0.497,208,607,0.343,114,394,573,0.688,238,802,1040,394,382,1.03,184,98,489,3,2206,201,8,424,235,1,8,1001,2361,2054.12,0.537,6.48,13.68,7.58,200.8,71.2,7.68,25.87,33.55,12.7,5.94,3.16,12.32,15.77,0.26,3.68,25.87,58.13,6.71,19.58,12.71,18.48,19.16,38.55,32.29,76.16,66.26
Kansas State,Wildcats,d203f38a-a166-4258-bca2-e161b591ecfb,31,6200.0,736,1693,1052,519,6200.0,0.493,217,641,0.339,86,354,535,0.662,249,705,954,426,358,1.19,233,68,503,4,2043,230,1,532,275,0,9,758,2228,1928.4,0.53,7.42,17.16,8.87,200.0,65.9,8.03,22.74,30.77,13.7,7.52,2.19,11.55,16.23,0.03,2.77,23.74,54.61,7.0,20.68,11.42,17.26,16.74,33.94,24.45,71.87,62.21
Baylor,Bears,db6e1cab-3fa3-4a93-a673-8b2a358ff4bf,31,6225.0,791,1795,1072,546,6225.0,0.509,245,723,0.339,128,400,594,0.673,361,717,1078,432,410,1.05,193,147,586,5,2227,172,2,447,435,0,10,946,2469,2056.36,0.541,5.55,14.42,14.03,200.8,71.8,11.65,23.13,34.77,13.9,6.23,4.74,13.23,18.9,0.06,4.13,25.52,57.9,7.9,23.32,12.9,19.16,17.61,34.58,30.52,79.65,66.33
West Virginia,Mountaineers,f770d3a2-221c-49ce-9c7a-680f7417fe9e,31,6300.0,758,1828,1101,527,6300.0,0.479,231,727,0.318,114,515,756,0.681,377,717,1094,406,498,0.82,190,108,640,16,2262,181,7,424,465,1,19,853,2251,2160.64,0.523,5.84,13.68,15.0,203.2,73.0,12.16,23.13,35.29,13.1,6.13,3.48,16.06,20.65,0.23,3.68,24.45,58.97,7.45,23.45,16.61,24.39,17.0,35.52,27.52,72.61,69.7
TCU,Horned Frogs,f7fcbb6e-4a55-41ea-ba21-f763ed914467,31,6300.0,836,1828,1145,597,6300.0,0.521,239,683,0.35,118,400,580,0.69,288,746,1034,505,420,1.2,219,136,502,3,2311,271,3,492,307,0,9,1038,2613,2083.2,0.555,8.74,15.87,9.9,203.2,74.5,9.29,24.06,33.35,16.3,7.06,4.39,13.55,16.19,0.1,3.81,26.97,58.97,7.71,22.03,12.9,18.71,19.26,36.94,33.48,84.29,67.2
Texas Tech,Red Raiders,f8c705b7-87d3-411a-9c8b-5124daab0469,31,6225.0,811,1718,1105,585,6225.0,0.529,226,613,0.369,76,417,577,0.723,248,745,993,419,381,1.1,221,151,550,2,2265,180,2,544,276,0,9,917,2601,1971.88,0.574,5.81,17.55,8.9,200.8,73.1,8.0,24.03,32.03,13.5,7.13,4.87,12.29,17.74,0.06,2.45,26.16,55.42,7.29,19.77,13.45,18.61,18.87,35.65,29.58,83.9,63.61
Kansas,Jayhawks,fae4855b-1b64-4b40-a632-9ed345e1e952,31,6275.0,844,1820,1166,612,6275.0,0.525,232,654,0.355,103,424,610,0.695,282,803,1085,416,415,1.0,211,116,531,3,2344,265,4,478,334,0,11,1050,2595,2088.4,0.561,8.55,15.42,10.77,202.4,75.6,9.1,25.9,35.0,13.4,6.81,3.74,13.39,17.13,0.13,3.32,27.23,58.71,7.48,21.1,13.68,19.68,19.74,37.61,33.87,83.71,67.37
Arkansas-Little Rock,Trojans,0dadedb0-2bd3-45e7-91a3-93af6c4e87f2,31,6250.0,817,1687,1105,611,6250.0,0.553,206,582,0.354,11,461,703,0.656,215,764,979,443,505,0.88,169,87,623,9,2306,261,1,504,273,0,7,1030,2367,1996.32,0.578,8.42,16.26,8.81,201.6,74.4,6.94,24.65,31.58,14.3,5.45,2.81,16.29,20.1,0.03,0.35,26.35,54.42,6.65,18.77,14.87,22.68,19.71,35.65,33.23,76.35,64.4
South Alabama,Jaguars,10c614fa-9646-46cf-a1fb-5af96772bbb8,31,6275.0,800,1733,1039,546,6275.0,0.526,254,694,0.366,24,412,610,0.675,230,691,921,430,410,1.05,187,127,591,8,2266,341,2,464,272,0,1,1000,2390,2001.4,0.566,11.0,14.97,8.77,202.4,73.1,7.42,22.29,29.71,13.9,6.03,4.1,13.23,19.06,0.06,0.77,25.81,55.9,8.19,22.39,13.29,19.68,17.61,33.52,32.26,77.1,64.56
Louisiana-Monroe,Warhawks,18585f21-1d63-4400-974c-433fd5073c34,30,6050.0,776,1721,968,483,6050.0,0.499,293,753,0.389,21,503,648,0.776,236,675,911,407,336,1.21,173,62,470,5,2348,181,1,425,332,0,0,779,2475,2006.12,0.585,6.03,14.17,11.07,201.7,78.3,7.87,22.5,30.37,13.6,5.77,2.07,11.2,15.67,0.03,0.7,25.87,57.37,9.77,25.1,16.77,21.6,16.1,32.27,25.97,82.5,66.87
Texas State,Bobcats,1e5dc9e4-c60d-487b-8279-dfbec9229faa,31,6250.0,809,1790,1105,580,6250.0,0.525,229,685,0.334,12,417,622,0.67,307,748,1055,461,410,1.12,210,70,606,6,2264,226,0,537,379,0,2,918,2464,2063.68,0.549,7.29,17.32,12.23,201.6,73.0,9.9,24.13,34.03,14.9,6.77,2.26,13.23,19.55,0.0,0.39,26.1,57.74,7.39,22.1,13.45,20.06,18.71,35.65,29.61,79.48,66.57
Coastal Carolina,Chanticleers,4af63ebd-d3c8-4772-bbde-938a078bd057,30,6050.0,779,1711,1056,535,6050.0,0.507,244,655,0.373,12,512,710,0.721,292,725,1017,398,428,0.93,193,73,625,4,2314,373,0,469,319,0,1,949,2437,2023.4,0.572,12.43,15.63,10.63,201.7,77.1,9.73,24.17,33.9,13.3,6.43,2.43,14.27,20.83,0.0,0.4,25.97,57.03,8.13,21.83,17.07,23.67,17.83,35.2,31.63,81.23,67.45
Troy,Trojans,6373b18c-62f6-49bc-bd4c-8959a2466516,30,6050.0,773,1719,1015,537,6050.0,0.529,236,704,0.335,5,397,550,0.722,244,689,933,394,408,0.97,171,135,523,4,2179,209,0,386,296,0,0,910,2305,1961.0,0.556,6.97,12.87,9.87,201.7,72.6,8.13,22.97,31.1,13.1,5.7,4.5,13.6,17.43,0.0,0.17,25.77,57.3,7.87,23.47,13.23,18.33,17.9,33.83,30.33,76.83,65.37
Louisiana-Lafayette,Ragin' Cajuns,63cad858-8654-4956-8438-8fe79cd1208a,31,6250.0,873,1961,1169,596,6250.0,0.51,277,792,0.35,9,520,699,0.744,317,689,1006,462,409,1.13,215,122,596,6,2543,196,0,546,363,0,2,1018,2672,2268.56,0.56,6.32,17.61,11.71,201.6,82.0,10.23,22.23,32.45,14.9,6.94,3.94,13.19,19.23,0.0,0.29,28.16,63.26,8.94,25.55,16.77,22.55,19.23,37.71,32.84,86.19,73.18
Georgia Southern,Eagles,6b955b96-b736-475e-bffd-e4acf2054169,31,6250.0,957,1900,1314,765,6250.0,0.582,192,586,0.328,12,481,700,0.687,259,765,1024,383,425,0.9,241,120,555,4,2587,422,0,566,341,0,1,1331,2768,2208.0,0.586,13.61,18.26,11.0,201.6,83.5,8.35,24.68,33.03,12.4,7.77,3.87,13.71,17.9,0.0,0.39,30.87,61.29,6.19,18.9,15.52,22.58,24.68,42.39,42.94,89.29,71.23
Texas-Arlington,Mavericks,7c2b372b-b5f0-466e-90cf-880beec57584,31,6325.0,733,1781,1061,511,6325.0,0.482,222,720,0.308,29,465,628,0.74,295,764,1059,398,440,0.9,201,89,592,6,2153,323,0,408,302,0,3,776,2249,2057.32,0.523,10.42,13.16,9.74,204.0,69.5,9.52,24.65,34.16,12.8,6.48,2.87,14.19,19.1,0.0,0.94,23.65,57.45,7.16,23.23,15.0,20.26,16.48,34.23,25.03,72.55,66.37
Appalachian State,Mountaineers,87d88c93-29bc-4306-b0a6-87c6f6e80da1,31,6250.0,853,1881,1097,573,6250.0,0.522,280,784,0.357,31,491,688,0.714,266,752,1018,395,406,0.97,166,86,571,4,2477,227,0,470,328,0,6,936,2511,2183.72,0.567,7.32,15.16,10.58,201.6,79.9,8.58,24.26,32.84,12.7,5.35,2.77,13.1,18.42,0.0,1.0,27.52,60.68,9.03,25.29,15.84,22.19,18.48,35.39,30.19,81.0,70.44
Georgia State,Panthers,94ea835b-8ce9-4de2-a5b1-971548fea974,31,6200.0,848,1804,1016,538,6200.0,0.53,310,788,0.393,23,405,617,0.656,220,702,922,393,358,1.1,249,146,538,14,2411,309,0,540,266,0,0,970,2595,2075.48,0.581,9.97,17.42,8.58,200.0,77.8,7.1,22.65,29.74,12.7,8.03,4.71,11.55,17.35,0.0,0.74,27.35,58.19,10.0,25.42,13.06,19.9,17.35,32.77,31.29,83.71,66.95
Arkansas State,Red Wolves,95826e36-ea33-4b51-83a8-7b4cc20999ee,31,6350.0,770,1836,1156,540,6350.0,0.467,230,680,0.338,14,522,708,0.737,328,736,1064,355,442,0.8,179,133,668,11,2292,306,0,400,338,0,2,926,2329,2147.52,0.534,9.87,12.9,10.9,204.8,73.9,10.58,23.74,34.32,11.5,5.77,4.29,14.26,21.55,0.0,0.45,24.84,59.23,7.42,21.94,16.84,22.84,17.42,37.29,29.87,75.13,69.27
Northern Arizona,Lumberjacks,1753768d-e46e-40b1-8d69-a8ae5cccec03,30,6050.0,728,1692,992,486,6050.0,0.49,242,700,0.346,13,407,576,0.707,229,665,894,364,343,1.06,180,62,506,3,2154,129,0,344,265,0,2,770,2178,1945.44,0.554,4.3,11.47,8.83,201.7,71.8,7.63,22.17,29.8,12.1,6.0,2.07,11.43,16.87,0.0,0.43,24.27,56.4,8.07,23.33,13.57,19.2,16.2,33.07,25.67,72.6,64.85
Sacramento State,Hornets,1dc13b18-f9b3-4bb9-b1cf-979fcd8c2b6f,29,5850.0,754,1694,1212,602,5850.0,0.497,152,482,0.315,19,392,569,0.689,264,667,931,404,374,1.08,227,98,538,5,2052,196,0,483,290,0,1,1030,2221,1944.36,0.528,6.76,16.66,10.0,201.7,70.8,9.1,23.0,32.1,13.9,7.83,3.38,12.9,18.55,0.0,0.66,26.0,58.41,5.24,16.62,13.52,19.62,20.76,41.79,35.52,76.59,67.05
Weber State,Wildcats,4743cb7c-784a-4b95-a380-5471f92f2217,31,6250.0,877,1824,1178,639,6250.0,0.542,238,646,0.368,6,495,663,0.747,190,862,1052,364,364,1.0,165,128,570,6,2487,196,1,431,252,0,0,1010,2717,2115.72,0.588,6.32,13.9,8.13,201.6,80.2,6.13,27.81,33.94,11.7,5.32,4.13,11.74,18.39,0.03,0.19,28.29,58.84,7.68,20.84,15.97,21.39,20.61,38.0,32.58,87.65,68.25
Eastern Washington,Eagles,54df21af-8f65-42fc-bc01-8bf750856d70,31,6300.0,793,1868,1051,508,6300.0,0.483,285,817,0.349,26,360,496,0.726,228,778,1006,430,366,1.17,179,91,583,1,2231,169,0,386,239,0,2,877,2360,2086.24,0.535,5.45,12.45,7.71,203.2,72.0,7.35,25.1,32.45,13.9,5.77,2.94,11.81,18.81,0.0,0.84,25.58,60.26,9.19,26.35,11.61,16.0,16.39,33.9,28.29,76.13,67.3
Idaho State,Bengals,6a67ba19-56a8-4dd8-a5ae-9e9f2523c274,29,5800.0,751,1685,956,485,5800.0,0.507,266,729,0.365,19,350,476,0.735,232,636,868,369,348,1.06,144,85,474,7,2118,150,0,335,299,0,3,814,2176,1894.44,0.559,5.17,11.55,10.31,200.0,73.0,8.0,21.93,29.93,12.7,4.97,2.93,12.0,16.34,0.0,0.66,25.9,58.1,9.17,25.14,12.07,16.41,16.72,32.97,28.07,75.03,65.33
Portland State,Vikings,79965018-7f6f-4273-9eef-65c99b592b01,31,6250.0,832,1947,1201,598,6250.0,0.498,234,746,0.314,29,506,722,0.701,404,704,1108,426,431,0.99,260,121,657,5,2404,234,0,508,482,0,2,1010,2557,2264.68,0.531,7.55,16.39,15.55,201.6,77.5,13.03,22.71,35.74,13.7,8.39,3.9,13.9,21.19,0.0,0.94,26.84,62.81,7.55,24.06,16.32,23.29,19.29,38.74,32.58,82.48,73.05
Northern Colorado,Bears,7e42fa84-68cd-47a6-b49a-18b5414d8084,31,6275.0,828,1781,966,530,6275.0,0.549,298,815,0.366,11,432,608,0.711,255,756,1011,411,378,1.09,168,91,518,3,2386,110,0,482,313,0,0,942,2560,2048.52,0.582,3.55,15.55,10.1,202.4,77.0,8.23,24.39,32.61,13.3,5.42,2.94,12.19,16.71,0.0,0.35,26.71,57.45,9.61,26.29,13.94,19.61,17.1,31.16,30.39,82.58,66.08
Montana State,Bobcats,bec40585-b587-4548-93f5-b7c00b046aea,30,6000.0,804,1773,1015,525,6000.0,0.517,279,758,0.368,14,456,620,0.735,241,692,933,453,375,1.21,163,45,530,2,2343,108,0,405,308,0,3,842,2429,2045.8,0.573,3.6,13.5,10.27,200.0,78.1,8.03,23.07,31.1,15.1,5.43,1.5,12.5,17.67,0.0,0.47,26.8,59.1,9.3,25.27,15.2,20.67,17.5,33.83,28.07,80.97,68.19
Southern Utah,Thunderbirds,c7116621-45ed-4ab1-9ad9-dee524120569,29,5875.0,760,1720,1025,529,5875.0,0.516,231,695,0.332,18,437,622,0.703,217,759,976,364,393,0.93,172,99,607,15,2188,163,1,409,274,0,2,895,2261,1993.68,0.549,5.62,14.1,9.45,202.6,75.4,7.48,26.17,33.66,12.6,5.93,3.41,13.55,20.93,0.03,0.62,26.21,59.31,7.97,23.97,15.07,21.45,18.24,35.34,30.86,77.97,68.75
Montana,Grizzlies,e3848467-66c0-41e5-8283-02e3586d8601,31,6225.0,866,1746,1076,611,6225.0,0.568,255,670,0.381,6,398,580,0.686,218,724,942,452,375,1.21,203,91,585,9,2385,140,0,483,277,0,1,1030,2636,2001.2,0.596,4.52,15.58,8.94,200.8,76.9,7.03,23.35,30.39,14.6,6.55,2.94,12.1,18.87,0.0,0.19,27.94,56.32,8.23,21.61,12.84,18.71,19.71,34.71,33.23,85.03,64.55
Idaho,Vandals,ec6185b7-4e0c-4eb8-99ef-f3a4dccf6b91,31,6225.0,754,1710,1051,510,6225.0,0.485,244,659,0.37,12,351,489,0.718,206,727,933,389,422,0.92,124,52,567,1,2103,159,1,269,250,0,0,784,2085,1925.16,0.546,5.13,8.68,8.06,200.8,67.8,6.65,23.45,30.1,12.5,4.0,1.68,13.61,18.29,0.03,0.39,24.32,55.16,7.87,21.26,11.32,15.77,16.45,33.9,25.29,67.26,62.1
UCF,Knights,054c3e85-0552-4549-b123-7e84af6e7b6c,30,6025.0,746,1599,1023,541,6025.0,0.529,205,576,0.356,82,484,748,0.647,241,744,985,404,349,1.16,172,133,504,6,2181,363,7,411,323,0,9,898,2409,1928.12,0.566,12.1,13.7,10.77,200.8,72.7,8.03,24.8,32.83,13.5,5.73,4.43,11.63,16.8,0.23,2.73,24.87,53.3,6.83,19.2,16.13,24.93,18.03,34.1,29.93,80.3,64.27
Memphis,Tigers,1551b3a0-6d10-4ffa-8dfa-73b56f004553,31,6250.0,889,1939,1241,660,6250.0,0.532,229,698,0.328,137,514,729,0.705,326,744,1070,484,475,1.02,249,121,649,10,2521,498,5,574,373,0,19,1170,2705,2259.76,0.558,16.06,18.52,12.03,201.6,81.3,10.52,24.0,34.52,15.6,8.03,3.9,15.32,20.94,0.16,4.42,28.68,62.55,7.39,22.52,16.58,23.52,21.29,40.03,37.74,87.26,72.9
Houston,Cougars,1f99a164-d593-4d81-85d5-0d7889d6f486,31,6200.0,830,1842,1046,540,6200.0,0.516,290,796,0.364,60,419,589,0.711,331,810,1141,469,360,1.3,204,136,585,10,2369,434,2,491,375,0,11,882,2777,2101.16,0.564,14.0,15.84,12.1,200.0,76.4,10.68,26.13,36.81,15.1,6.58,4.39,11.61,18.87,0.06,1.94,26.77,59.42,9.35,25.68,13.52,19.0,17.42,33.74,28.45,89.58,67.78
Tulsa,Golden Hurricane,2959bd24-7007-41ae-a3a3-abdf26888cfc,31,6250.0,752,1666,1047,538,6250.0,0.514,214,619,0.346,88,513,739,0.694,193,775,968,409,394,1.04,171,73,514,9,2231,186,2,385,257,1,7,920,2318,1991.16,0.56,6.0,12.42,8.29,201.6,72.0,6.23,25.0,31.23,13.2,5.52,2.35,12.71,16.58,0.06,2.84,24.26,53.74,6.9,19.97,16.55,23.84,17.35,33.77,29.68,74.77,64.23
Tulane,Green Wave,399ad7fb-de60-45a6-a71f-d26e00f1a4ec,30,6000.0,706,1715,1068,499,6000.0,0.467,207,647,0.32,76,395,572,0.691,231,734,965,427,457,0.93,140,108,520,7,2014,230,4,313,284,1,7,760,2011,1966.68,0.512,7.67,10.43,9.47,200.0,67.1,7.7,24.47,32.17,14.2,4.67,3.6,15.23,17.33,0.13,2.53,23.53,57.17,6.9,21.57,13.17,19.07,16.63,35.6,25.33,67.03,65.56
SMU,Mustangs,3f4515ea-4472-46b9-ac9e-16d7d8f22a38,30,6000.0,779,1774,1043,533,6000.0,0.511,246,731,0.337,76,351,489,0.718,307,673,980,418,328,1.27,176,117,484,6,2155,349,2,377,339,0,7,874,2385,1989.16,0.542,11.63,12.57,11.3,200.0,71.8,10.23,22.43,32.67,13.9,5.87,3.9,10.93,16.13,0.07,2.53,25.97,59.13,8.2,24.37,11.7,16.3,17.77,34.77,29.13,79.5,66.31
South Florida,Bulls,55af9c69-3675-4b9b-a882-96640b782fff,31,6325.0,737,1718,1065,523,6325.0,0.491,214,653,0.328,97,551,860,0.641,364,714,1078,426,500,0.85,245,99,653,8,2239,292,3,561,435,0,15,949,2297,2096.4,0.534,9.42,18.1,14.03,204.0,72.2,11.74,23.03,34.77,13.7,7.9,3.19,16.13,21.06,0.1,3.13,23.77,55.42,6.9,21.06,17.77,27.74,16.87,34.35,30.61,74.1,67.63
Temple,Owls,8598d1b6-106b-4083-a512-2e495729525a,31,6300.0,821,1866,1160,588,6300.0,0.507,233,706,0.33,73,446,610,0.731,244,700,944,454,342,1.33,272,71,542,3,2321,424,1,557,317,0,4,968,2511,2134.4,0.544,13.68,17.97,10.23,203.2,74.9,7.87,22.58,30.45,14.6,8.77,2.29,11.03,17.48,0.03,2.35,26.48,60.19,7.52,22.77,14.39,19.68,18.97,37.42,31.23,81.0,68.85
Cincinnati,Bearcats,a17dfc54-415f-49c3-a2e6-d6fa9db18b0a,31,6250.0,766,1778,1184,561,6250.0,0.474,205,594,0.345,117,484,680,0.712,331,692,1023,423,333,1.27,199,140,507,7,2221,280,1,468,430,0,7,836,2465,2077.2,0.535,9.03,15.1,13.87,201.6,71.6,10.68,22.32,33.0,13.6,6.42,4.52,10.74,16.35,0.03,3.77,24.71,57.35,6.61,19.16,15.61,21.94,18.1,38.19,26.97,79.52,67.01
East Carolina,Pirates,a601205f-3bfe-4052-ac0b-b8f18cf3efd3,30,6075.0,729,1740,1212,578,6075.0,0.477,151,528,0.286,92,422,620,0.681,266,657,923,370,404,0.92,220,106,607,5,2031,299,5,439,303,1,13,922,2037,2012.8,0.505,9.97,14.63,10.1,202.5,67.7,8.87,21.9,30.77,12.3,7.33,3.53,13.47,20.23,0.17,3.07,24.3,58.0,5.03,17.6,14.07,20.67,19.27,40.4,30.73,67.9,67.09
Connecticut,Huskies,efba5350-79bc-47aa-a189-db177b95b491,31,6225.0,835,1859,1177,599,6225.0,0.509,236,682,0.346,99,405,590,0.686,305,672,977,399,403,0.99,193,137,612,9,2311,408,4,486,347,1,9,1036,2405,2118.6,0.545,13.16,15.68,11.19,200.8,74.5,9.84,21.68,31.52,12.9,6.23,4.42,13.0,19.74,0.13,3.19,26.94,59.97,7.61,22.0,13.06,19.03,19.32,37.97,33.42,77.58,68.34
Wichita State,Shockers,f38b58de-3273-4723-a78b-2f918e9aa2d5,30,6025.0,760,1857,1134,534,6025.0,0.471,226,723,0.313,116,371,521,0.712,307,724,1031,415,360,1.15,141,100,586,3,2117,199,3,392,380,0,8,828,2197,2086.24,0.507,6.63,13.07,12.67,200.8,70.6,10.23,24.13,34.37,13.8,4.7,3.33,12.0,19.53,0.1,3.87,25.33,61.9,7.53,24.1,12.37,17.37,17.8,37.8,27.6,73.23,69.54
Virginia Military,Keydets,227d3567-d57b-417e-afc4-735e4cb308a1,32,6450.0,843,1974,1075,520,6450.0,0.484,323,899,0.359,25,424,581,0.73,241,759,1000,442,391,1.13,217,61,541,0,2433,286,0,409,258,0,2,720,2474,2229.64,0.546,8.94,12.78,8.06,201.6,76.0,7.53,23.72,31.25,13.8,6.78,1.91,12.22,16.91,0.0,0.78,26.34,61.69,10.09,28.09,13.25,18.16,16.25,33.59,22.5,77.31,69.68
Citadel,Bulldogs,412e7f0d-fb93-4e6e-be1f-9a4c7490d121,30,6050.0,899,2010,934,529,6050.0,0.566,370,1076,0.344,16,385,523,0.736,277,733,1010,461,386,1.19,200,110,527,8,2553,323,0,484,318,0,1,1008,2699,2240.12,0.57,10.77,16.13,10.6,201.7,85.1,9.23,24.43,33.67,15.4,6.67,3.67,12.87,17.57,0.0,0.53,29.97,67.0,12.33,35.87,12.83,17.43,17.63,31.13,33.6,89.97,74.67
Chattanooga,Mocs,4c9fb59b-6cec-4b0d-bb0f-628b391d138c,32,6425.0,833,1881,1086,543,6425.0,0.5,290,795,0.365,15,312,457,0.683,231,759,990,419,407,1.03,139,79,553,2,2268,181,1,331,276,0,2,880,2295,2082.08,0.545,5.66,10.34,8.63,200.8,70.9,7.22,23.72,30.94,13.1,4.34,2.47,12.72,17.28,0.03,0.47,26.03,58.78,9.06,24.84,9.75,14.28,16.97,33.94,27.5,71.72,65.07
UNC Greensboro,Spartans,612f7f66-1de1-4d42-b842-9a508daab911,33,6625.0,920,2006,1259,660,6625.0,0.524,260,747,0.348,15,427,611,0.699,332,726,1058,426,391,1.09,293,130,580,5,2527,299,0,508,314,0,4,990,2773,2274.84,0.555,9.06,15.39,9.52,200.8,76.6,10.06,22.0,32.06,12.9,8.88,3.94,11.85,17.58,0.0,0.45,27.88,60.79,7.88,22.64,12.94,18.52,20.0,38.15,30.0,84.03,68.93
Western Carolina,Catamounts,6bff595c-32cb-4028-837c-c7de2a2107e6,32,6475.0,792,1744,944,496,6475.0,0.525,296,800,0.37,25,424,628,0.675,268,783,1051,389,576,0.68,135,53,671,2,2304,190,0,303,261,0,9,784,2200,2020.32,0.57,5.94,9.47,8.16,202.3,72.0,8.38,24.47,32.84,12.2,4.22,1.66,18.0,20.97,0.0,0.78,24.75,54.5,9.25,25.0,13.25,19.63,15.5,29.5,24.5,68.75,63.14
Wofford,Terriers,9916713f-b243-452b-93ae-a2c3ccabf68b,32,6450.0,976,1974,1123,619,6450.0,0.551,357,851,0.42,33,360,521,0.691,322,766,1088,499,345,1.45,221,97,539,3,2669,338,0,522,422,0,4,1042,3070,2203.24,0.606,10.56,16.31,13.19,201.6,83.4,10.06,23.94,34.0,15.6,6.91,3.03,10.78,16.84,0.0,1.03,30.5,61.69,11.16,26.59,11.25,16.28,19.34,35.09,32.56,95.94,68.85
Mercer,Bears,a14b0057-8eb5-43d2-a33b-666196da933e,31,6225.0,787,1746,1083,559,6225.0,0.516,228,663,0.344,15,446,648,0.688,261,688,949,394,407,0.97,207,80,557,8,2248,203,0,494,270,0,1,991,2310,2031.12,0.553,6.55,15.94,8.71,200.8,72.5,8.42,22.19,30.61,12.7,6.68,2.58,13.13,17.97,0.0,0.48,25.39,56.32,7.35,21.39,14.39,20.9,18.03,34.94,31.97,74.52,65.52
Samford,Bulldogs,c13f96ba-c79c-452f-9f63-3b45fae4e543,33,6775.0,921,1951,1264,667,6775.0,0.528,254,687,0.37,17,487,666,0.731,270,841,1111,461,463,1.0,238,127,560,5,2583,217,0,507,300,0,1,1089,2848,2244.04,0.576,6.58,15.36,9.09,205.3,78.3,8.18,25.48,33.67,14.0,7.21,3.85,14.03,16.97,0.0,0.52,27.91,59.12,7.7,20.82,14.76,20.18,20.21,38.3,33.0,86.3,68.0
Furman,Paladins,ca5318f2-48eb-4f6b-896a-966b900aa42f,32,6500.0,904,1900,992,574,6500.0,0.579,330,908,0.363,53,354,496,0.714,275,762,1037,510,401,1.27,280,135,465,4,2492,314,0,552,348,0,5,1099,2915,2118.24,0.588,9.81,17.25,10.88,203.1,77.9,8.59,23.81,32.41,15.9,8.75,4.22,12.53,14.53,0.0,1.66,28.25,59.38,10.31,28.38,11.06,15.5,17.94,31.0,34.34,91.09,66.2
East Tennessee State,Buccaneers,d750d88f-f7b8-4bc3-a5f6-36e7a67ec93e,33,6675.0,971,2001,1276,710,6675.0,0.556,261,725,0.36,14,410,616,0.666,380,853,1233,513,469,1.09,246,131,582,5,2613,310,2,585,432,1,2,1190,3031,2272.04,0.575,9.39,17.73,13.09,202.3,79.2,11.52,25.85,37.36,15.5,7.45,3.97,14.21,17.64,0.06,0.42,29.42,60.64,7.91,21.97,12.42,18.67,21.52,38.67,36.06,91.85,68.85
Oral Roberts,Golden Eagles,095417ae-62b0-4109-afc4-d92918599dd4,32,6425.0,854,1874,1140,588,6425.0,0.516,266,734,0.362,18,340,492,0.691,292,763,1055,434,445,0.98,152,107,575,4,2314,207,0,319,402,0,2,986,2445,2090.48,0.553,6.47,9.97,12.56,200.8,72.3,9.13,23.84,32.97,13.6,4.75,3.34,13.91,17.97,0.0,0.56,26.69,58.56,8.31,22.94,10.63,15.38,18.38,35.63,30.81,76.41,65.33
Purdue Fort Wayne,Mastodons,22984593-0701-4648-b8a8-f6d695238620,32,6450.0,967,2001,1079,615,6450.0,0.57,352,922,0.382,11,382,551,0.693,247,799,1046,519,379,1.37,235,149,486,3,2668,338,1,545,325,0,1,1112,3035,2243.44,0.595,10.56,17.03,10.16,201.6,83.4,7.72,24.97,32.69,16.2,7.34,4.66,11.84,15.19,0.03,0.34,30.22,62.53,11.0,28.81,11.94,17.22,19.22,33.72,34.75,94.84,70.11
Nebraska-Omaha,Mavericks,68d2aa5b-714f-4652-96f3-b71e1752413f,30,6050.0,903,1887,1208,638,6050.0,0.528,265,679,0.39,21,328,452,0.726,216,692,908,394,280,1.41,170,55,459,0,2399,218,1,443,299,0,2,986,2538,2085.88,0.575,7.27,14.77,9.97,201.7,80.0,7.2,23.07,30.27,13.1,5.67,1.83,9.33,15.3,0.03,0.7,30.1,62.9,8.83,22.63,10.93,15.07,21.27,40.27,32.87,84.6,69.53
South Dakota State,Jackrabbits,6ef40534-5fad-4755-84de-7dcbd645d1f0,32,6400.0,957,1901,1125,639,6400.0,0.568,318,776,0.41,15,484,624,0.776,202,921,1123,476,379,1.26,199,63,537,1,2716,174,0,447,280,0,3,1148,3114,2175.56,0.624,5.44,13.97,8.75,200.0,84.9,6.31,28.78,35.09,14.9,6.22,1.97,11.84,16.78,0.0,0.47,29.91,59.41,9.94,24.25,15.13,19.5,19.97,35.16,35.88,97.31,67.99
Denver,Pioneers,6f676cba-c1f9-45a4-9016-fb408fd525b1,30,6025.0,755,1723,1101,528,6025.0,0.48,227,622,0.365,13,349,460,0.759,247,739,986,354,409,0.87,142,78,506,6,2086,222,1,351,264,0,3,792,2158,1925.4,0.542,7.4,11.7,8.8,200.8,69.5,8.23,24.63,32.87,11.8,4.73,2.6,13.63,16.87,0.03,0.43,25.17,57.43,7.57,20.73,11.63,15.33,17.6,36.7,26.4,71.93,64.18
North Dakota State,Bison,984e7518-e418-45d5-9797-979b8c2085c1,31,6250.0,776,1709,898,485,6250.0,0.54,291,811,0.359,16,424,548,0.774,179,746,925,362,339,1.07,156,76,464,0,2267,113,0,335,215,0,0,827,2390,1950.12,0.581,3.65,10.81,6.94,201.6,73.1,5.77,24.06,29.84,11.7,5.03,2.45,10.94,14.97,0.0,0.52,25.03,55.13,9.39,26.16,13.68,17.68,15.65,28.97,26.68,77.1,62.91
South Dakota,Coyotes,c946b7ac-5159-4817-93c4-fc9495c6425b,30,6025.0,729,1663,998,502,6025.0,0.503,227,665,0.341,29,433,585,0.74,179,683,862,382,324,1.18,165,68,528,5,2118,160,1,405,234,0,4,824,2185,1920.4,0.551,5.33,13.5,7.8,200.8,70.6,5.97,22.77,28.73,12.7,5.5,2.27,10.8,17.6,0.03,0.97,24.3,55.43,7.57,22.17,14.43,19.5,16.73,33.27,27.47,72.83,64.01
Western Illinois,Leathernecks,cc9e5424-ab3b-41ec-b2aa-7e8a73d759c6,30,6025.0,791,1804,1194,557,6025.0,0.466,234,610,0.384,14,309,425,0.727,206,772,978,317,346,0.92,162,129,472,4,2125,92,0,331,243,0,5,838,2236,1991.0,0.534,3.07,11.03,8.1,200.8,70.8,6.87,25.73,32.6,10.6,5.4,4.3,11.53,15.73,0.0,0.47,26.37,60.13,7.8,20.33,10.3,14.17,18.57,39.8,27.93,74.53,66.37
North Dakota,Fighting Hawks,de8fc8a7-253f-4597-8a48-a0104ef226ae,30,6000.0,822,1771,1124,581,6000.0,0.517,241,647,0.372,13,335,482,0.695,201,735,936,398,380,1.05,171,87,485,1,2220,162,0,411,262,0,0,901,2336,1983.08,0.56,5.4,13.7,8.73,200.0,74.0,6.7,24.5,31.2,13.3,5.7,2.9,12.67,16.17,0.0,0.43,27.4,59.03,8.03,21.57,11.17,16.07,19.37,37.47,30.03,77.87,66.1
Long Beach State,49ers,11a617d5-af03-4cce-bc8a-51114d9e41fe,32,6475.0,828,1918,1317,618,6475.0,0.469,210,601,0.349,46,544,787,0.691,299,785,1084,386,456,0.85,200,100,589,8,2410,184,3,476,335,1,3,991,2391,2264.28,0.532,5.75,14.88,10.47,202.3,75.3,9.34,24.53,33.88,12.1,6.25,3.13,14.25,18.41,0.09,1.44,25.88,59.94,6.56,18.78,17.0,24.59,19.31,41.16,30.97,74.72,70.76
UC Irvine,Anteaters,39d00ef7-320d-47cf-a2fa-859bc24d16b4,32,6500.0,859,1888,1276,640,6500.0,0.502,219,612,0.358,18,384,560,0.686,329,866,1195,426,383,1.11,179,138,605,7,2321,325,0,397,412,0,5,1052,2671,2134.4,0.544,10.16,12.41,12.88,203.1,72.5,10.28,27.06,37.34,13.3,5.59,4.31,11.97,18.91,0.0,0.56,26.84,59.0,6.84,19.13,12.0,17.5,20.0,39.88,32.88,83.47,66.7
UC Santa Barbara,Gauchos,3b6293f3-03db-46d2-8793-248963c2d83b,30,6050.0,782,1711,1148,590,6050.0,0.514,192,563,0.341,6,465,651,0.714,314,737,1051,416,334,1.25,151,98,527,1,2221,144,0,395,349,0,1,980,2488,1997.44,0.556,4.8,13.17,11.63,201.7,74.0,10.47,24.57,35.03,13.9,5.03,3.27,11.13,17.57,0.0,0.2,26.07,57.03,6.4,18.77,15.5,21.7,19.67,38.27,32.67,82.93,66.58
Cal Poly,Mustangs,45439cdb-af7a-4743-936c-dccc76b30877,29,5925.0,706,1715,1028,481,5925.0,0.468,225,687,0.328,12,293,452,0.648,232,635,867,301,334,0.9,147,99,544,3,1928,107,2,313,255,0,0,786,1840,1913.88,0.504,3.69,10.79,8.79,204.3,66.5,8.0,21.9,29.9,10.4,5.07,3.41,11.52,18.76,0.07,0.41,24.34,59.14,7.76,23.69,10.1,15.59,16.59,35.45,27.1,63.45,66.0
UC Riverside,Highlanders,6b170a32-8445-4cb1-8638-724996c3094b,32,6425.0,776,1734,1011,502,6425.0,0.497,274,723,0.379,8,283,410,0.69,239,690,929,418,413,1.01,161,56,553,1,2109,94,0,351,264,0,0,791,2175,1914.4,0.551,2.94,10.97,8.25,200.8,65.9,7.47,21.56,29.03,13.1,5.03,1.75,12.91,17.28,0.0,0.25,24.25,54.19,8.56,22.59,8.84,12.81,15.69,31.59,24.72,67.97,59.83
UC Davis,Aggies,8aaad1c0-d16e-4b9f-8541-dac670addd71,30,6075.0,703,1610,1005,503,6075.0,0.5,200,605,0.331,17,361,504,0.716,177,646,823,364,398,0.91,190,65,575,7,1967,186,0,457,210,0,5,892,1961,1831.76,0.537,6.2,15.23,7.0,202.5,65.6,5.9,21.53,27.43,12.1,6.33,2.17,13.27,19.17,0.0,0.57,23.43,53.67,6.67,20.17,12.03,16.8,16.77,33.5,29.73,65.37,61.06
Cal State Fullerton,Titans,c009914b-3303-4dee-b915-978aa48a31d0,30,6100.0,780,1706,1182,610,6100.0,0.516,170,524,0.324,26,446,638,0.699,211,790,1001,379,399,0.95,175,98,566,10,2176,276,1,381,240,0,8,1052,2312,1986.72,0.548,9.2,12.7,8.0,203.3,72.5,7.03,26.33,33.37,12.6,5.83,3.27,13.3,18.87,0.03,0.87,26.0,56.87,5.67,17.47,14.87,21.27,20.33,39.4,35.07,77.07,66.22
Cal State Northridge,Matadors,cb732075-23a5-4e71-9037-50a7a002bdb2,32,6475.0,911,1967,1362,690,6475.0,0.507,221,605,0.365,11,406,640,0.634,280,747,1027,481,394,1.22,202,143,597,5,2449,302,0,494,376,0,1,1084,2618,2248.6,0.545,9.44,15.44,11.75,202.3,76.5,8.75,23.34,32.09,15.0,6.31,4.47,12.31,18.66,0.0,0.34,28.47,61.47,6.91,18.91,12.69,20.0,21.56,42.56,33.88,81.81,70.27
Hawaii,Warriors,d4dc55b3-94fe-4d4f-b0bf-c50c5f064392,30,6050.0,761,1684,962,502,6050.0,0.522,259,722,0.359,21,394,568,0.694,230,708,938,464,352,1.32,151,62,537,5,2175,87,0,421,266,0,1,878,2341,1933.92,0.562,2.9,14.03,8.87,201.7,72.5,7.67,23.6,31.27,15.5,5.03,2.07,11.73,17.9,0.0,0.7,25.37,56.13,8.63,24.07,13.13,18.93,16.73,32.07,29.27,78.03,64.46
UTEP,Miners,06d15d35-4955-4fdd-83d9-32d24dbd795b,29,5850.0,638,1592,971,439,5850.0,0.452,199,621,0.32,9,384,580,0.662,240,745,985,306,467,0.66,135,83,551,16,1859,156,0,349,294,0,3,685,1751,1847.2,0.503,5.38,12.03,10.14,201.7,64.1,8.28,25.69,33.97,10.6,4.66,2.86,16.1,19.0,0.0,0.31,22.0,54.9,6.86,21.41,13.24,20.0,15.14,33.48,23.62,60.38,63.7
North Texas,Mean Green,10f450ce-143b-4e46-8bfe-52c644b68b07,31,6225.0,788,1791,1010,520,6225.0,0.515,268,781,0.343,10,336,499,0.673,277,771,1048,396,410,0.97,201,76,550,3,2180,317,1,491,324,0,2,956,2325,2010.56,0.542,10.23,15.84,10.45,200.8,70.3,8.94,24.87,33.81,12.8,6.48,2.45,13.23,17.74,0.03,0.32,25.42,57.77,8.65,25.19,10.84,16.1,16.77,32.58,30.84,75.0,64.86
Middle Tennessee,Blue Raiders,3d2f0819-8f3b-4ff3-afd6-6227c469a751,31,6200.0,754,1800,1180,552,6200.0,0.468,202,620,0.326,30,370,545,0.679,320,780,1100,339,498,0.68,185,82,564,6,2080,139,0,403,380,0,1,898,2067,2039.8,0.51,4.48,13.0,12.26,200.0,67.1,10.32,25.16,35.48,10.9,5.97,2.65,16.06,18.19,0.0,0.97,24.32,58.06,6.52,20.0,11.94,17.58,17.81,38.06,28.97,66.68,65.8
Marshall,Thundering Herd,58d8baa3-7624-4b21-a47f-a23df2bf8859,31,6275.0,872,1986,1095,570,6275.0,0.521,302,891,0.339,22,446,614,0.726,239,706,945,436,388,1.12,285,142,567,12,2492,263,0,558,298,0,2,993,2630,2256.16,0.552,8.48,18.0,9.61,202.4,80.4,7.71,22.77,30.48,14.1,9.19,4.58,12.52,18.29,0.0,0.71,28.13,64.06,9.74,28.74,14.39,19.81,18.39,35.32,32.03,84.84,72.78
Southern Miss,Golden Eagles,6120ac5d-e0f2-4b28-9e6f-ee71596a7e88,30,6050.0,827,1768,1131,583,6050.0,0.515,244,637,0.383,9,285,440,0.648,232,790,1022,509,311,1.64,241,101,459,2,2183,243,1,462,256,0,1,875,2649,1961.6,0.556,8.1,15.4,8.53,201.7,72.8,7.73,26.33,34.07,17.0,8.03,3.37,10.37,15.3,0.03,0.3,27.57,58.93,8.13,21.23,9.5,14.67,19.43,37.7,29.17,88.3,65.39
UAB,Blazers,63a8fdcf-b51b-4de3-8a57-2a6e41d362ce,31,6250.0,805,1779,1158,596,6250.0,0.515,209,621,0.337,26,359,537,0.669,277,762,1039,365,357,1.02,197,72,518,10,2178,166,0,425,363,0,4,1008,2342,2015.28,0.54,5.35,13.71,11.71,201.6,70.3,8.94,24.58,33.52,11.8,6.35,2.32,11.52,16.71,0.0,0.84,25.97,57.39,6.74,20.03,11.58,17.32,19.23,37.35,32.52,75.55,65.01
Western Kentucky,Hilltoppers,881380da-861c-4ab6-a7d2-20699d8ea883,31,6300.0,793,1754,1196,607,6300.0,0.508,186,558,0.333,30,464,637,0.728,260,775,1035,384,430,0.89,216,155,485,4,2236,201,2,433,316,0,4,1033,2462,2034.28,0.55,6.48,13.97,10.19,203.2,72.1,8.39,25.0,33.39,12.4,6.97,5.0,13.87,15.65,0.06,0.97,25.58,56.58,6.0,18.0,14.97,20.55,19.58,38.58,33.32,79.42,65.62
Charlotte,49ers,8ddbfca9-a931-4908-aa31-9fcd17624b5f,29,5800.0,598,1442,827,407,5800.0,0.492,191,615,0.311,31,389,524,0.742,161,650,811,288,420,0.69,138,101,493,4,1776,130,0,288,207,1,4,698,1715,1672.56,0.531,4.48,9.93,7.14,200.0,61.2,5.55,22.41,27.97,9.9,4.76,3.48,14.48,17.0,0.0,1.07,20.62,49.72,6.59,21.21,13.41,18.07,14.03,28.52,24.07,59.14,57.67
Louisiana Tech,Bulldogs,8ff733a9-9f93-46de-ba7e-cf6f7e429670,31,6275.0,800,1823,1108,559,6275.0,0.505,241,715,0.337,12,432,652,0.663,302,751,1053,419,363,1.15,180,112,499,5,2273,193,0,430,313,0,2,919,2431,2109.88,0.539,6.23,13.87,10.1,202.4,73.3,9.74,24.23,33.97,13.5,5.81,3.61,11.71,16.1,0.0,0.39,25.81,58.81,7.77,23.06,13.94,21.03,18.03,35.74,29.65,78.42,68.06
UTSA,Roadrunners,953151f2-1e42-4cb0-a99e-202493a64dcf,31,6275.0,869,2008,1184,584,6275.0,0.493,285,824,0.346,17,382,519,0.736,264,812,1076,401,390,1.03,209,81,558,4,2405,292,0,507,332,0,3,916,2506,2236.36,0.538,9.42,16.35,10.71,202.4,77.6,8.52,26.19,34.71,12.9,6.74,2.61,12.58,18.0,0.0,0.55,28.03,64.77,9.19,26.58,12.32,16.74,18.84,38.19,29.55,80.84,72.14
Florida International,Golden Panthers,a8ac24ca-3b7a-4610-ad99-042661584c48,31,6200.0,913,2059,1201,649,6200.0,0.54,264,858,0.308,15,496,776,0.639,284,736,1020,458,437,1.05,328,138,603,5,2586,446,0,625,329,0,5,1186,2667,2400.44,0.539,14.39,20.16,10.61,200.0,83.4,9.16,23.74,32.9,14.8,10.58,4.45,14.1,19.45,0.0,0.48,29.45,66.42,8.52,27.68,16.0,25.03,20.94,38.74,38.26,86.03,77.43
Rice,Owls,bb384635-c3a0-459a-8f13-fcd7177313e5,31,6325.0,777,1815,1045,509,6325.0,0.487,268,770,0.348,7,480,702,0.684,264,830,1094,410,417,0.98,163,104,555,2,2302,138,0,371,315,0,0,870,2396,2123.88,0.542,4.45,11.97,10.16,204.0,74.3,8.52,26.77,35.29,13.2,5.26,3.35,13.45,17.9,0.0,0.23,25.06,58.55,8.65,24.84,15.48,22.65,16.42,33.71,28.06,77.29,68.51
Florida Atlantic,Owls,c851131a-5ecd-4670-81bc-b40f4837dd65,31,6275.0,769,1863,1019,496,6275.0,0.487,273,844,0.323,10,389,521,0.747,309,824,1133,393,458,0.86,174,87,544,5,2200,154,0,417,380,0,2,775,2303,2092.24,0.526,4.97,13.45,12.26,202.4,71.0,9.97,26.58,36.55,12.7,5.61,2.81,14.77,17.55,0.0,0.32,24.81,60.1,8.81,27.23,12.55,16.81,16.0,32.87,25.0,74.29,67.49
Old Dominion,Monarchs,ce967953-5c50-4220-87b2-99acb9606e84,31,6200.0,739,1790,1107,496,6200.0,0.448,243,683,0.356,12,351,540,0.65,327,792,1119,399,365,1.09,177,139,510,2,2072,219,0,372,351,0,0,821,2301,2027.6,0.511,7.06,12.0,11.32,200.0,66.8,10.55,25.55,36.1,12.9,5.71,4.48,11.77,16.45,0.0,0.39,23.84,57.74,7.84,22.03,11.32,17.42,16.0,35.71,26.48,74.23,65.41
Cal State Bakersfield,Roadrunners,2da57857-b038-4ad3-8199-e3fb339f57d2,30,6075.0,787,1835,1214,581,6075.0,0.479,206,621,0.332,13,361,543,0.665,370,637,1007,353,389,0.91,198,95,659,5,2141,269,0,500,387,0,1,828,2175,2073.92,0.516,8.97,16.67,12.9,202.5,71.4,12.33,21.23,33.57,11.8,6.6,3.17,12.97,21.97,0.0,0.43,26.23,61.17,6.87,20.7,12.03,18.1,19.37,40.47,27.6,72.5,69.13
Chicago State,Cougars,2f8c85a7-54f4-4942-be16-2cbac77c82d7,31,6200.0,701,1701,1247,563,6200.0,0.451,138,454,0.304,24,381,562,0.678,190,668,858,363,494,0.73,185,66,606,16,1921,213,2,341,214,0,3,871,1718,1948.28,0.493,6.87,11.0,6.9,200.0,62.0,6.13,21.55,27.68,11.7,5.97,2.13,15.94,19.55,0.06,0.77,22.61,54.87,4.45,14.65,12.29,18.13,18.16,40.23,28.1,55.42,62.85
Utah Valley,Wolverines,4200f37c-86e0-413e-a5c4-e5edf1e272e7,31,6200.0,828,1702,1060,576,6200.0,0.543,252,642,0.393,20,495,684,0.724,221,786,1007,429,418,1.03,184,77,553,5,2403,308,0,414,312,0,3,1058,2619,2002.96,0.6,9.94,13.35,10.06,200.0,77.5,7.13,25.35,32.48,13.8,5.94,2.48,13.48,17.84,0.0,0.65,26.71,54.9,8.13,20.71,15.97,22.06,18.58,34.19,34.13,84.48,64.61
New Mexico State,Aggies,5016fe1a-9571-4d10-bf5b-b9c1b496bd57,31,6225.0,846,1858,1008,566,6225.0,0.562,280,850,0.329,14,431,639,0.674,382,764,1146,455,369,1.23,180,80,562,6,2403,317,0,460,428,0,0,1008,2675,2139.16,0.562,10.23,14.84,13.81,200.8,77.5,12.32,24.65,36.97,14.7,5.81,2.58,11.9,18.13,0.0,0.45,27.29,59.94,9.03,27.42,13.9,20.61,18.26,32.52,32.52,86.29,69.01
Seattle,Redhawks,7e100f63-0b32-49f6-a954-f5b7c8cf48ad,31,6250.0,800,1823,1222,576,6250.0,0.471,224,601,0.373,24,453,635,0.713,282,804,1086,365,382,0.96,135,112,621,3,2277,164,1,387,338,0,4,912,2388,2102.4,0.542,5.29,12.48,10.9,201.6,73.5,9.1,25.94,35.03,11.8,4.35,3.61,12.32,20.03,0.03,0.77,25.81,58.81,7.23,19.39,14.61,20.48,18.58,39.42,29.42,77.03,67.82
UMKC,Kangaroos,820c8f26-cf11-4997-b2e2-19f47bd2f72f,31,6250.0,750,1735,1036,499,6250.0,0.482,251,699,0.359,19,405,579,0.699,204,651,855,347,383,0.91,228,86,628,8,2156,239,1,505,215,0,3,936,2130,1989.76,0.542,7.71,16.29,6.94,201.6,69.5,6.58,21.0,27.58,11.2,7.35,2.77,12.35,20.26,0.03,0.61,24.19,55.97,8.1,22.55,13.06,18.68,16.1,33.42,30.19,68.71,64.19
Texas Rio Grande Valley,Vaqueros,92456e1e-f48c-4385-96ab-14cb27d18726,33,6650.0,784,1905,1349,610,6650.0,0.452,174,556,0.313,23,576,835,0.69,275,710,985,444,424,1.05,313,92,690,8,2318,314,0,613,321,0,2,874,2348,2272.4,0.51,9.52,18.58,9.73,201.5,70.2,8.33,21.52,29.85,13.5,9.48,2.79,12.85,20.91,0.0,0.7,23.76,57.73,5.27,16.85,17.45,25.3,18.48,40.88,26.48,71.15,68.86
California Baptist,Lancers,a43197e1-de68-41cf-bd75-88c695738601,30,6100.0,816,1812,1034,536,6100.0,0.518,280,778,0.36,4,436,557,0.783,255,769,1024,339,364,0.93,146,82,611,6,2348,248,0,398,322,0,4,922,2458,2057.08,0.571,8.27,13.27,10.73,203.3,78.3,8.5,25.63,34.13,11.3,4.87,2.73,12.13,20.37,0.0,0.13,27.2,60.4,9.33,25.93,14.53,18.57,17.87,34.47,30.73,81.93,68.57
Grand Canyon,Antelopes,f7e6acc3-0778-4de5-940a-d88e20df1159,30,6050.0,803,1757,1088,583,6050.0,0.536,220,669,0.329,24,452,618,0.731,266,747,1013,442,369,1.2,188,67,539,4,2278,212,1,437,319,0,3,942,2499,2028.92,0.561,7.07,14.57,10.63,201.7,75.9,8.87,24.9,33.77,14.7,6.27,2.23,12.3,17.97,0.03,0.8,26.77,58.57,7.33,22.3,15.07,20.6,19.43,36.27,31.4,83.3,67.63
Southeastern Louisiana,Lions,55cd5bb4-b030-4a7a-9652-6cebaf81c574,31,6200.0,718,1638,985,496,6200.0,0.504,222,653,0.34,20,421,592,0.711,294,664,958,428,506,0.85,203,75,562,8,2079,90,0,437,362,0,1,662,2146,1898.48,0.548,2.9,14.1,11.68,200.0,67.1,9.48,21.42,30.9,13.8,6.55,2.42,16.32,18.13,0.0,0.65,23.16,52.84,7.16,21.06,13.58,19.1,16.0,31.77,21.35,69.23,61.24
Stephen F. Austin,Lumberjacks,5ef64f01-86ae-4553-9834-c79cc0859eaf,30,6050.0,745,1696,1108,544,6050.0,0.491,201,588,0.342,15,414,607,0.682,262,648,910,348,440,0.79,192,113,579,9,2105,249,0,457,289,0,1,880,2084,1963.08,0.536,8.3,15.23,9.63,201.7,70.2,8.73,21.6,30.33,11.6,6.4,3.77,14.67,19.3,0.0,0.5,24.83,56.53,6.7,19.6,13.8,20.23,18.13,36.93,29.33,69.47,65.44
Sam Houston State,Bearkats,67322042-9c40-4dc2-b33a-4754c02ec82a,31,6325.0,835,1886,1089,541,6325.0,0.497,294,797,0.369,15,367,492,0.746,288,731,1019,515,392,1.31,233,89,612,5,2331,222,1,520,294,0,3,820,2619,2102.48,0.554,7.16,16.77,9.48,204.0,75.2,9.29,23.58,32.87,16.6,7.52,2.87,12.65,19.74,0.03,0.48,26.94,60.84,9.48,25.71,11.84,15.87,17.45,35.13,26.45,84.48,67.82
Northwestern State,Demons,71874e7e-8260-43f9-bb7c-65f267dbe8ce,31,6250.0,725,1790,1144,535,6250.0,0.468,190,646,0.294,30,411,604,0.68,309,714,1023,340,496,0.69,192,138,578,2,2051,213,1,432,347,0,0,834,1990,2055.76,0.499,6.87,13.94,11.19,201.6,66.2,9.97,23.03,33.0,11.0,6.19,4.45,16.0,18.65,0.03,0.97,23.39,57.74,6.13,20.84,13.26,19.48,17.26,36.9,26.9,64.19,66.31
Incarnate Word,Cardinals,912671c7-19fd-451b-813e-885485427820,31,6275.0,711,1527,1019,537,6275.0,0.527,174,508,0.343,19,448,553,0.81,170,584,754,354,502,0.71,184,53,592,7,2044,191,0,441,202,0,2,870,1966,1770.32,0.577,6.16,14.23,6.52,202.4,65.9,5.48,18.84,24.32,11.4,5.94,1.71,16.19,19.1,0.0,0.61,22.94,49.26,5.61,16.39,14.45,17.84,17.32,32.87,28.06,63.42,57.11
Houston Baptist,Huskies,95a27dc5-16d5-4745-9adb-34c41e1444e8,29,5925.0,840,1839,1267,647,5925.0,0.511,193,572,0.337,20,513,758,0.677,342,656,998,432,435,0.99,229,53,573,8,2386,374,4,508,371,0,5,1164,2419,2172.52,0.549,12.9,17.52,12.79,204.3,82.3,11.79,22.62,34.41,14.9,7.9,1.83,15.0,19.76,0.14,0.69,28.97,63.41,6.66,19.72,17.69,26.14,22.31,43.69,40.14,83.41,74.91
Abilene Christian,Wildcats,a52b2ece-1f87-45b5-ae1e-8d0920479965,31,6250.0,828,1750,1145,593,6250.0,0.518,235,605,0.388,5,421,590,0.714,275,673,948,488,372,1.31,266,85,584,1,2312,174,0,607,337,0,3,979,2636,2009.6,0.575,5.61,19.58,10.87,201.6,74.6,8.87,21.71,30.58,15.7,8.58,2.74,12.0,18.84,0.0,0.16,26.71,56.45,7.58,19.52,13.58,19.03,19.13,36.94,31.58,85.03,64.83
Nicholls State,Colonels,c0d19efd-d40c-4e32-8e90-dbcb28178b5d,31,6250.0,807,1914,1031,483,6250.0,0.468,324,883,0.367,19,322,418,0.77,249,701,950,428,386,1.11,208,128,587,5,2260,174,0,464,270,0,7,748,2385,2097.92,0.539,5.61,14.97,8.71,201.6,72.9,8.03,22.61,30.65,13.8,6.71,4.13,12.45,18.94,0.0,0.61,26.03,61.74,10.45,28.48,10.39,13.48,15.58,33.26,24.13,76.94,67.67
McNeese State,Cowboys,d2ef641c-70e4-48bb-b40d-ac654d179205,31,6225.0,760,1675,1128,592,6225.0,0.525,168,547,0.307,17,461,647,0.713,272,692,964,429,451,0.95,147,97,468,9,2149,120,0,426,332,0,0,1064,2234,1959.68,0.548,3.87,13.74,10.71,200.8,69.3,8.77,22.32,31.1,13.8,4.74,3.13,14.55,15.1,0.0,0.55,24.52,54.03,5.42,17.65,14.87,20.87,19.1,36.39,34.32,72.06,63.22
Central Arkansas,Bears,dfc2dfb7-aa67-4c48-99c9-4fa6c6bc4355,31,6250.0,769,1802,1069,510,6250.0,0.477,259,733,0.353,25,448,619,0.724,241,752,993,442,455,0.97,186,117,578,2,2245,181,1,429,282,0,4,808,2324,2074.36,0.541,5.84,13.84,9.1,201.6,72.4,7.77,24.26,32.03,14.3,6.0,3.77,14.68,18.65,0.03,0.81,24.81,58.13,8.35,23.65,14.45,19.97,16.45,34.48,26.06,74.97,66.91
New Orleans,Privateers,e7ff6d5c-07e9-42af-955d-0a0b8c1e2288,29,5900.0,754,1697,1206,592,5900.0,0.491,162,491,0.33,23,410,598,0.686,292,619,911,437,461,0.95,265,123,551,7,2080,280,0,522,328,0,1,971,2224,1960.12,0.531,9.66,18.0,11.31,203.4,71.7,10.07,21.34,31.41,15.1,9.14,4.24,15.9,19.0,0.0,0.79,26.0,58.52,5.59,16.93,14.14,20.62,20.41,41.59,33.48,76.69,67.59
Lamar,Cardinals,eda6c307-1e0f-4a28-82f4-ee9653b343fb,31,6300.0,847,1858,1229,631,6300.0,0.513,216,629,0.343,25,534,777,0.687,353,730,1083,457,447,1.02,273,94,582,7,2444,237,0,606,433,0,2,1012,2650,2199.88,0.555,7.65,19.55,13.97,203.2,78.8,11.39,23.55,34.94,14.7,8.81,3.03,14.42,18.77,0.0,0.81,27.32,59.94,6.97,20.29,17.23,25.06,20.35,39.65,32.65,85.48,70.96
Texas A&M-CC,Islanders,fe21a988-3e96-4f3c-8f9f-b449ccda43b0,31,6250.0,754,1743,1150,559,6250.0,0.486,195,593,0.329,12,370,535,0.692,298,736,1034,415,444,0.93,194,89,586,0,2073,165,1,429,328,0,0,830,2207,1978.4,0.524,5.32,13.84,10.58,201.6,66.9,9.61,23.74,33.35,13.4,6.26,2.87,14.32,18.9,0.03,0.39,24.32,56.23,6.29,19.13,11.94,17.26,18.03,37.1,26.77,71.19,63.82
Arkansas-Pine Bluff,Golden Lions,1394dd8a-040e-4509-9ee3-761d60eaf6c9,31,6300.0,701,1631,1077,512,6300.0,0.475,189,554,0.341,10,465,682,0.682,262,663,925,359,468,0.77,210,107,607,4,2056,102,0,422,297,0,1,730,2042,1931.08,0.532,3.29,13.61,9.58,203.2,66.3,8.45,21.39,29.84,11.6,6.77,3.45,15.1,19.58,0.0,0.32,22.61,52.61,6.1,17.87,15.0,22.0,16.52,34.74,23.55,65.87,62.29
Alcorn State,Braves,1bddc811-44cf-4e53-b4ab-11c8dc82c9de,30,6025.0,685,1666,1034,480,6025.0,0.464,205,632,0.324,12,354,526,0.673,300,665,965,380,475,0.8,226,102,527,1,1929,161,0,376,340,0,0,714,1974,1897.44,0.508,5.37,12.53,11.33,200.8,64.3,10.0,22.17,32.17,12.7,7.53,3.4,15.83,17.57,0.0,0.4,22.83,55.53,6.83,21.07,11.8,17.53,16.0,34.47,23.8,65.8,63.25
Alabama State,Hornets,267d417a-8f85-4c87-a15a-068c089a74c6,29,5850.0,668,1653,1018,464,5850.0,0.456,204,635,0.321,22,422,638,0.661,288,611,899,293,420,0.7,189,98,526,3,1962,55,0,425,350,0,1,714,1820,1933.72,0.507,1.9,14.66,12.07,201.7,67.7,9.93,21.07,31.0,10.1,6.52,3.38,14.48,18.14,0.0,0.76,23.03,57.0,7.03,21.9,14.55,22.0,16.0,35.1,24.62,62.76,66.68
Mississippi Valley State,Delta Devils,5873529e-e5e3-4a06-8a03-fa4cbe509880,32,6425.0,730,1923,1369,558,6425.0,0.408,172,554,0.31,30,426,647,0.658,310,738,1048,361,415,0.87,176,70,570,7,2058,118,2,369,313,0,0,742,1884,2207.68,0.466,3.69,11.53,9.78,200.8,64.3,9.69,23.06,32.75,11.3,5.5,2.19,12.97,17.81,0.06,0.94,22.81,60.09,5.38,17.31,13.31,20.22,17.44,42.78,23.19,58.88,68.99
Grambling State,Tigers,6776c7e6-f4c2-47bd-99e5-39fc179a3197,31,6250.0,765,1694,1186,560,6250.0,0.472,205,508,0.404,31,488,719,0.679,254,835,1089,381,491,0.78,182,136,635,2,2221,121,0,442,278,0,4,862,2358,2010.36,0.552,3.9,14.26,8.97,201.6,71.6,8.19,26.94,35.13,12.3,5.87,4.39,15.84,20.48,0.0,1.0,24.68,54.65,6.61,16.39,15.74,23.19,18.06,38.26,27.81,76.06,64.85
Prairie View A&M,Panthers,91ec9ba2-12e5-4a75-9410-a166c82163fd,31,6200.0,796,1827,1212,605,6200.0,0.499,191,615,0.311,21,509,758,0.672,295,625,920,394,398,0.99,266,51,671,10,2292,200,0,641,356,0,2,903,2245,2160.52,0.53,6.45,20.68,11.48,200.0,73.9,9.52,20.16,29.68,12.7,8.58,1.65,12.84,21.65,0.0,0.68,25.68,58.94,6.16,19.84,16.42,24.45,19.52,39.1,29.13,72.42,69.69
Alabama A&M,Bulldogs,949c3398-85e4-4c63-ba71-9a82e06ddea4,32,6475.0,736,1807,1231,554,6475.0,0.45,182,576,0.316,9,284,453,0.627,264,648,912,384,487,0.79,234,49,587,4,1938,143,0,484,268,0,1,766,1790,2006.32,0.483,4.47,15.13,8.38,202.3,60.6,8.25,20.25,28.5,12.0,7.31,1.53,15.22,18.34,0.0,0.28,23.0,56.47,5.69,18.0,8.88,14.16,17.31,38.47,23.94,55.94,62.7
Southern University,Jaguars,a3b13d27-ec14-4a7d-88a2-0bc9f7b58984,31,6225.0,728,1655,1130,555,6225.0,0.491,173,525,0.33,33,378,567,0.667,256,586,842,358,497,0.72,212,82,693,4,2007,175,0,465,324,0,9,804,1888,1904.48,0.527,5.65,15.0,10.45,200.8,64.7,8.26,18.9,27.16,11.5,6.84,2.65,16.03,22.35,0.0,1.06,23.48,53.39,5.58,16.94,12.19,18.29,17.9,36.45,25.94,60.9,61.43
Jackson State,Tigers,c444e03b-d16b-48b2-9b18-823c2647d41d,31,6225.0,702,1727,1188,551,6225.0,0.464,151,539,0.28,29,370,583,0.635,285,719,1004,349,426,0.82,198,118,625,3,1925,166,1,396,281,0,6,765,1930,1983.52,0.485,5.35,12.77,9.06,200.8,62.1,9.19,23.19,32.39,11.3,6.39,3.81,13.74,20.16,0.03,0.94,22.65,55.71,4.87,17.39,11.94,18.81,17.77,38.32,24.68,62.26,63.98
Texas Southern,Tigers,eb157f98-0697-459c-9293-ddb162ceb28b,31,6225.0,852,1918,1199,621,6225.0,0.518,231,719,0.321,45,538,798,0.674,339,781,1120,472,469,1.01,250,92,547,7,2473,197,0,526,365,0,4,1104,2612,2269.12,0.545,6.35,16.97,11.77,200.8,79.8,10.94,25.19,36.13,15.2,8.06,2.97,15.13,17.65,0.0,1.45,27.48,61.87,7.45,23.19,17.35,25.74,20.03,38.68,35.61,84.26,73.2
Bethune-Cookman,Wildcats,0796c3b6-5308-4aa0-8fdc-c65d39b043c6,30,6050.0,806,1830,1221,609,6050.0,0.499,197,609,0.323,21,410,669,0.613,343,794,1137,430,478,0.9,223,108,588,9,2219,249,0,460,398,0,3,1015,2356,2124.36,0.522,8.3,15.33,13.27,201.7,74.0,11.43,26.47,37.9,14.3,7.43,3.6,15.93,19.6,0.0,0.7,26.87,61.0,6.57,20.3,13.67,22.3,20.3,40.7,33.83,78.53,70.81
Howard,Bison,22fbe5dc-c6db-4675-b3a3-2d8af7f5d313,31,6250.0,861,1987,1380,644,6250.0,0.467,217,607,0.357,9,524,723,0.725,328,708,1036,418,384,1.09,178,123,590,12,2463,220,1,489,391,0,0,902,2509,2305.12,0.534,7.1,15.77,12.61,201.6,79.5,10.58,22.84,33.42,13.5,5.74,3.97,12.39,19.03,0.03,0.29,27.77,64.1,7.0,19.58,16.9,23.32,20.77,44.52,29.1,80.94,74.36
Savannah State,Tigers,3eacc387-0ad8-4c5e-a666-c8ab447d224f,30,6025.0,805,2014,850,462,6025.0,0.544,343,1164,0.295,31,340,508,0.669,302,711,1013,450,463,0.97,225,88,544,3,2293,249,0,451,325,0,1,767,2229,2237.52,0.512,8.3,15.03,10.83,200.8,76.4,10.07,23.7,33.77,15.0,7.5,2.93,15.43,18.13,0.0,1.03,26.83,67.13,11.43,38.8,11.33,16.93,15.4,28.33,25.57,74.3,74.58
North Carolina A&T,Aggies,53aaac6a-796e-41a6-a04e-6ce74c5717f8,30,6025.0,764,1656,1055,554,6025.0,0.525,210,601,0.349,17,333,506,0.658,216,659,875,417,388,1.07,200,99,471,2,2071,264,0,437,247,0,1,900,2209,1878.64,0.551,8.8,14.57,8.23,200.8,69.0,7.2,21.97,29.17,13.9,6.67,3.3,12.93,15.7,0.0,0.57,25.47,55.2,7.0,20.03,11.1,16.87,18.47,35.17,30.0,73.63,62.62
Morgan State,Bears,576b816b-5b9a-4768-a62b-f8435a8272c2,29,5850.0,732,1845,1342,571,5850.0,0.425,161,503,0.32,23,463,649,0.713,314,605,919,347,394,0.88,217,48,589,3,2088,182,0,539,384,0,1,790,1926,2130.56,0.49,6.28,18.59,13.24,201.7,72.0,10.83,20.86,31.69,12.0,7.48,1.66,13.59,20.31,0.0,0.79,25.24,63.62,5.55,17.34,15.97,22.38,19.69,46.28,27.24,66.41,73.47
Coppin State,Eagles,5f9a90a2-3926-404e-8c8a-d9f22ad6907d,31,6225.0,664,1726,932,442,6225.0,0.474,222,794,0.28,30,408,619,0.659,257,773,1030,295,515,0.57,165,102,588,14,1958,149,1,324,290,0,1,742,1762,1998.36,0.49,4.81,10.45,9.35,200.8,63.2,8.29,24.94,33.23,9.5,5.32,3.29,16.61,18.97,0.03,0.97,21.42,55.68,7.16,25.61,13.16,19.97,14.26,30.06,23.94,56.84,64.46
South Carolina State,Bulldogs,a44f8c85-7ab6-4a4e-b6f1-c69a4cabe1ed,32,6475.0,770,1796,1245,588,6475.0,0.472,182,551,0.33,10,530,717,0.739,313,640,953,359,461,0.78,161,58,632,3,2252,149,0,493,429,0,1,886,2109,2111.48,0.533,4.66,15.41,13.41,202.3,70.4,9.78,20.0,29.78,11.2,5.03,1.81,14.41,19.75,0.0,0.31,24.06,56.13,5.69,17.22,16.56,22.41,18.38,38.91,27.69,65.91,65.98
Norfolk State,Spartans,a8f75c12-c4db-401f-99e3-b48209d85274,31,6275.0,784,1772,1114,539,6275.0,0.484,245,658,0.372,22,499,696,0.717,247,766,1013,404,464,0.87,181,137,669,10,2328,247,0,514,296,0,0,870,2414,2078.24,0.56,7.97,16.58,9.55,202.4,75.1,7.97,24.71,32.68,13.0,5.84,4.42,14.97,21.58,0.0,0.71,25.29,57.16,7.9,21.23,16.1,22.45,17.39,35.94,28.06,77.87,67.04
Florida A&M,Rattlers,cec2527e-5e1e-4817-a628-35666ef13b6e,31,6225.0,719,1640,1151,539,6225.0,0.468,180,489,0.368,22,309,503,0.614,237,632,869,355,499,0.71,226,111,581,2,1927,179,0,434,254,0,6,618,1874,1861.32,0.518,5.77,14.0,8.19,200.8,62.2,7.65,20.39,28.03,11.5,7.29,3.58,16.1,18.74,0.0,0.71,23.19,52.9,5.81,15.77,9.97,16.23,17.39,37.13,19.94,60.45,60.04
Maryland-Eastern Shore,Hawks,d20216d8-161c-46e3-b8d2-92208ddf5acf,31,6225.0,645,1648,1065,479,6225.0,0.45,166,583,0.285,23,323,479,0.674,220,657,877,352,422,0.83,178,70,553,5,1779,140,0,338,227,0,4,783,1675,1858.76,0.479,4.52,10.9,7.32,200.8,57.4,7.1,21.19,28.29,11.4,5.74,2.26,13.61,17.84,0.0,0.74,20.81,53.16,5.35,18.81,10.42,15.45,15.45,34.35,25.26,54.03,59.96
North Carolina Central,Eagles,e4c315a0-e83f-4d14-856e-34a0463059e3,30,6025.0,782,1713,1099,587,6025.0,0.534,195,614,0.318,15,406,566,0.717,301,724,1025,469,464,1.01,191,83,541,3,2165,277,0,493,330,0,2,1038,2378,1962.04,0.552,9.23,16.43,11.0,200.8,72.2,10.03,24.13,34.17,15.6,6.37,2.77,15.47,18.03,0.0,0.5,26.07,57.1,6.5,20.47,13.53,18.87,19.57,36.63,34.6,79.27,65.4
Delaware State,Hornets,ffa04cde-aa2d-4e91-b2cd-bde2bfed44de,29,5800.0,648,1827,1084,427,5800.0,0.394,221,743,0.297,16,311,456,0.682,281,642,923,308,412,0.75,200,62,564,3,1828,154,0,373,312,0,3,627,1585,2027.64,0.451,5.31,12.86,10.76,200.0,63.0,9.69,22.14,31.83,10.6,6.9,2.14,14.21,19.45,0.0,0.55,22.34,63.0,7.62,25.62,10.72,15.72,14.72,37.38,21.62,54.66,69.92
Georgia Tech,Yellow Jackets,0f63a6f5-bda7-4fd9-9271-8d33f555ca19,31,6225.0,724,1654,1101,555,6225.0,0.504,169,553,0.306,103,403,581,0.694,206,732,938,417,453,0.92,217,161,543,6,2020,354,5,396,255,0,13,990,2192,1909.64,0.529,11.42,12.77,8.23,200.8,65.2,6.65,23.61,30.26,13.5,7.0,5.19,14.61,17.52,0.16,3.32,23.35,53.35,5.45,17.84,13.0,18.74,17.9,35.52,31.94,70.71,61.6
Pittsburgh,Panthers,24051034-96bb-4f78-a3a6-312f3258780f,31,6250.0,725,1731,1088,515,6250.0,0.473,210,643,0.327,165,507,731,0.694,295,727,1022,370,423,0.87,213,117,568,10,2167,420,2,558,315,0,13,949,2236,2052.64,0.528,13.55,18.0,10.16,201.6,69.9,9.52,23.45,32.97,11.9,6.87,3.77,13.65,18.32,0.06,5.32,23.39,55.84,6.77,20.74,16.35,23.58,16.61,35.1,30.61,72.13,66.21
Virginia Tech,Hokies,324ccccc-575b-4b82-acb0-fbb8e68da13b,30,6025.0,771,1620,887,479,6025.0,0.54,292,733,0.398,90,400,525,0.762,228,658,886,463,345,1.34,202,68,462,6,2234,307,5,499,286,0,11,848,2534,1851.0,0.603,10.23,16.63,9.53,200.8,74.5,7.6,21.93,29.53,15.4,6.73,2.27,11.5,15.4,0.17,3.0,25.7,54.0,9.73,24.43,13.33,17.5,15.97,29.57,28.27,84.47,61.7
Boston College,Eagles,4b3ff02c-e0ba-435b-a565-6075bc491684,30,6100.0,747,1749,1087,535,6100.0,0.492,212,662,0.32,89,420,604,0.695,269,750,1019,370,368,1.01,155,99,490,2,2126,305,2,380,301,0,12,806,2215,2014.76,0.528,10.17,12.67,10.03,203.3,70.9,8.97,25.0,33.97,12.3,5.17,3.3,12.27,16.33,0.07,2.97,24.9,58.3,7.07,22.07,14.0,20.13,17.83,36.23,26.87,73.83,67.16
Wake Forest,Demon Deacons,4fbebf0a-e117-4a0c-8f15-c247535a2a1b,30,6050.0,687,1755,1131,497,6050.0,0.439,190,624,0.304,134,484,665,0.728,328,695,1023,320,402,0.8,146,75,537,3,2048,377,4,353,376,0,14,768,1961,2047.6,0.5,12.57,11.77,12.53,201.7,68.3,10.93,23.17,34.1,10.7,4.87,2.5,13.4,17.9,0.13,4.47,22.9,58.5,6.33,20.8,16.13,22.17,16.57,37.7,25.6,65.37,68.25
North Carolina State,Wolfpack,52df1e19-b142-4a76-a439-ad68455d0581,31,6250.0,922,2002,1282,662,6250.0,0.516,260,720,0.361,127,408,572,0.713,354,731,1085,485,402,1.21,236,118,611,3,2512,406,3,535,416,1,10,1084,2790,2253.68,0.557,13.1,17.26,13.42,201.6,81.0,11.42,23.58,35.0,15.6,7.61,3.81,12.97,19.71,0.1,4.1,29.74,64.58,8.39,23.23,13.16,18.45,21.35,41.35,34.97,90.0,72.7
Virginia,Cavaliers,56913910-87f7-4ad7-ae3b-5cd9fb218fd9,30,6025.0,773,1614,996,517,6025.0,0.519,256,618,0.414,82,362,485,0.746,233,750,983,438,272,1.61,169,119,433,2,2164,144,1,386,324,0,3,844,2637,1827.4,0.592,4.8,12.87,10.8,200.8,72.1,7.77,25.0,32.77,14.6,5.63,3.97,9.07,14.43,0.03,2.73,25.77,53.8,8.53,20.6,12.07,16.17,17.23,33.2,28.13,87.9,60.91
Miami (FL),Hurricanes,7aec5187-cb1b-45e5-8f7d-406d766cdc73,30,6025.0,759,1741,981,506,6025.0,0.516,253,760,0.333,86,391,531,0.736,239,677,916,391,352,1.11,202,97,438,3,2162,221,1,419,295,0,5,870,2294,1974.64,0.547,7.37,13.97,9.83,200.8,72.1,7.97,22.57,30.53,13.0,6.73,3.23,11.73,14.6,0.03,2.87,25.3,58.03,8.43,25.33,13.03,17.7,16.87,32.7,29.0,76.47,65.82
Notre Dame,Fighting Irish,80962f09-8821-48b6-8cf0-0cf0eea56aa8,31,6200.0,731,1849,1027,470,6200.0,0.458,261,822,0.318,83,412,553,0.745,296,762,1058,401,295,1.36,173,142,433,4,2135,261,2,390,346,0,3,784,2355,2092.32,0.51,8.42,12.58,11.16,200.0,68.9,9.55,24.58,34.13,12.9,5.58,4.58,9.52,13.97,0.06,2.68,23.58,59.65,8.42,26.52,13.29,17.84,15.16,33.13,25.29,75.97,67.49
Syracuse,Orange,8cd24de1-2be8-4b77-bcfa-47be0495a5f4,31,6225.0,739,1750,1004,498,6225.0,0.496,241,746,0.323,98,437,640,0.683,276,691,967,375,381,0.98,254,149,537,3,2156,245,3,569,300,0,17,763,2306,2031.6,0.531,7.9,18.35,9.68,200.8,69.5,8.9,22.29,31.19,12.1,8.19,4.81,12.29,17.32,0.1,3.16,23.84,56.45,7.77,24.06,14.1,20.65,16.06,32.39,24.61,74.39,65.54
Louisville,Cardinals,b795ddbc-baab-4499-8803-52e8608520ab,31,6300.0,775,1776,1007,510,6300.0,0.506,265,769,0.345,109,500,647,0.773,269,834,1103,410,389,1.05,143,88,534,7,2315,247,2,383,318,0,8,868,2522,2060.68,0.562,7.97,12.35,10.26,203.2,74.7,8.68,26.9,35.58,13.2,4.61,2.84,12.55,17.23,0.06,3.52,25.0,57.29,8.55,24.81,16.13,20.87,16.45,32.48,28.0,81.35,66.47
Florida State,Seminoles,d3c8a767-b6fc-45d4-a5f2-18406f2993f1,31,6275.0,811,1818,1125,582,6275.0,0.517,229,693,0.33,91,499,679,0.735,319,758,1077,406,417,0.97,224,134,602,7,2350,295,6,513,367,0,9,1034,2587,2116.76,0.555,9.52,16.55,11.84,202.4,75.8,10.29,24.45,34.74,13.1,7.23,4.32,13.45,19.42,0.19,2.94,26.16,58.65,7.39,22.35,16.1,21.9,18.77,36.29,33.35,83.45,68.28
Clemson,Tigers,dcf5c2e7-c227-4c20-af26-715d5f859412,31,6200.0,769,1686,1080,571,6200.0,0.529,198,606,0.327,89,415,564,0.736,239,774,1013,382,415,0.92,205,136,513,3,2151,178,6,476,296,0,12,852,2406,1934.16,0.556,5.74,15.35,9.55,200.0,69.4,7.71,24.97,32.68,12.3,6.61,4.39,13.39,16.55,0.19,2.87,24.81,54.39,6.39,19.55,13.39,18.19,18.42,34.84,27.48,77.61,62.39
North Carolina,Tar Heels,e9ca48b2-00ba-41c0-a02b-6885a2da1ff1,31,6225.0,964,2069,1324,686,6225.0,0.518,278,745,0.373,148,478,645,0.741,349,904,1253,598,414,1.44,227,113,534,0,2684,393,3,528,459,0,5,1106,3189,2352.8,0.57,12.68,17.03,14.81,200.8,86.6,11.26,29.16,40.42,19.3,7.32,3.65,13.35,17.23,0.1,4.77,31.1,66.74,8.97,24.03,15.42,20.81,22.13,42.71,35.68,102.87,75.9
Duke,Blue Devils,faeb1160-5d15-4f26-99fc-c441cf21fc7f,31,6225.0,950,1999,1238,717,6225.0,0.579,233,761,0.306,102,475,689,0.689,385,845,1230,499,404,1.24,294,216,489,2,2608,513,0,583,438,0,6,1294,3180,2302.16,0.566,16.55,18.81,14.13,200.8,84.1,12.42,27.26,39.68,16.1,9.48,6.97,13.03,15.77,0.0,3.29,30.65,64.48,7.52,24.55,15.32,22.23,23.13,39.94,41.74,102.58,74.26
North Florida,Ospreys,09920a5f-1b25-466c-b5ae-6167214f5ba9,33,6625.0,902,2014,1117,594,6625.0,0.532,308,897,0.343,29,373,539,0.692,311,842,1153,520,536,0.97,212,165,573,3,2485,332,0,464,374,0,5,1024,2721,2251.16,0.552,10.06,14.06,11.33,200.8,75.3,9.42,25.52,34.94,15.8,6.42,5.0,16.24,17.36,0.0,0.88,27.33,61.03,9.33,27.18,11.3,16.33,18.0,33.85,31.03,82.45,68.22
Kennesaw State,Owls,2e8442e9-bd09-4d46-9dd3-de79433287f3,32,6425.0,742,1945,1507,606,6425.0,0.402,136,438,0.311,26,410,590,0.695,317,740,1057,362,437,0.83,185,106,525,5,2030,244,0,390,297,0,1,749,1920,2204.6,0.46,7.63,12.19,9.28,200.8,63.4,9.91,23.13,33.03,11.3,5.78,3.31,13.66,16.41,0.0,0.81,23.19,60.78,4.25,13.69,12.81,18.44,18.94,47.09,23.41,60.0,68.89
Stetson,Hatters,394d1b2b-7a19-4d43-b04a-5f366c24e5bf,31,6225.0,794,1962,1278,579,6225.0,0.453,215,684,0.314,22,348,503,0.692,312,702,1014,418,395,1.06,210,94,536,0,2151,225,0,446,370,0,1,842,2169,2183.32,0.493,7.26,14.39,11.94,200.8,69.4,10.06,22.65,32.71,13.5,6.77,3.03,12.74,17.29,0.0,0.71,25.61,63.29,6.94,22.06,11.23,16.23,18.68,41.23,27.16,69.97,70.43
N.J.I.T.,Highlanders,500d7223-ecff-494b-9539-28427156c783,33,6650.0,792,1778,1114,563,6650.0,0.505,229,664,0.345,19,497,692,0.718,205,825,1030,354,409,0.87,211,90,551,8,2310,311,0,435,236,0,1,887,2405,2082.48,0.555,9.42,13.18,7.15,201.5,70.0,6.21,25.0,31.21,10.7,6.39,2.73,12.39,16.7,0.0,0.58,24.0,53.88,6.94,20.12,15.06,20.97,17.06,33.76,26.88,72.88,63.11
Florida Gulf Coast,Eagles,5326c079-3dc3-468f-a601-b776dd9c1e62,32,6400.0,809,1787,1063,540,6400.0,0.508,269,724,0.372,20,393,588,0.668,237,740,977,449,481,0.93,218,133,514,7,2280,236,3,471,253,0,1,957,2403,2045.72,0.557,7.38,14.72,7.91,200.0,71.3,7.41,23.13,30.53,14.0,6.81,4.16,15.03,16.06,0.09,0.63,25.28,55.84,8.41,22.63,12.28,18.38,16.88,33.22,29.91,75.09,63.93
Liberty,Flames,559db90c-741f-40d1-aa81-3fdd1d4889f3,34,6800.0,921,1878,1061,621,6800.0,0.585,300,817,0.367,22,374,485,0.771,222,804,1026,505,373,1.35,217,91,513,1,2516,131,0,457,243,0,1,962,2914,2091.4,0.602,3.85,13.44,7.15,200.0,74.0,6.53,23.65,30.18,14.9,6.38,2.68,10.97,15.09,0.0,0.65,27.09,55.24,8.82,24.03,11.0,14.26,18.26,31.21,28.29,85.71,61.51
North Alabama,Lions,61db8108-45f1-43e5-ade8-83278324bc7d,32,6425.0,744,1914,1109,504,6425.0,0.454,240,805,0.298,19,417,619,0.674,296,777,1073,334,437,0.76,209,74,615,5,2145,247,0,433,299,0,2,889,2026,2186.36,0.491,7.72,13.53,9.34,200.8,67.0,9.25,24.28,33.53,10.4,6.53,2.31,13.66,19.22,0.0,0.59,23.25,59.81,7.5,25.16,13.03,19.34,15.75,34.66,27.78,63.31,68.32
Lipscomb,Bisons,a2b8223d-40b3-4076-b5df-55655c2f8591,32,6400.0,930,1926,1171,650,6400.0,0.555,280,755,0.371,23,530,705,0.752,254,863,1117,555,424,1.31,241,88,556,7,2670,203,0,585,320,0,1,1186,3076,2236.2,0.597,6.34,18.28,10.0,200.0,83.4,7.94,26.97,34.91,17.3,7.53,2.75,13.25,17.38,0.0,0.72,29.06,60.19,8.75,23.59,16.56,22.03,20.31,36.59,37.06,96.13,69.88
Jacksonville,Dolphins,fb28bd56-9e56-40c1-992d-71c1e27fe4fd,32,6425.0,889,1952,1308,676,6425.0,0.517,213,644,0.331,18,394,582,0.677,290,785,1075,456,461,0.99,213,166,522,3,2385,418,1,444,348,0,1,1098,2583,2208.08,0.54,13.06,13.88,10.88,200.8,74.5,9.06,24.53,33.59,14.3,6.66,5.19,14.41,16.31,0.03,0.56,27.78,61.0,6.66,20.13,12.31,18.19,21.13,40.88,34.31,80.72,69.0
Loyola (MD),Greyhounds,175d34a7-3823-4e4f-9f11-2464f55360b8,32,6475.0,842,1836,1220,632,6475.0,0.518,210,616,0.341,32,438,617,0.71,240,652,892,448,444,1.01,278,73,573,5,2332,302,0,545,314,0,2,1044,2406,2107.48,0.553,9.44,17.03,9.81,202.3,72.9,7.5,20.38,27.88,14.0,8.69,2.28,13.88,17.91,0.0,1.0,26.31,57.38,6.56,19.25,13.69,19.28,19.75,38.13,32.63,75.19,65.86
American University,Eagles,2f513e67-f019-4eec-9096-fbc5911858b6,30,6100.0,780,1645,1061,590,6100.0,0.556,190,584,0.325,20,411,589,0.698,201,724,925,402,386,1.04,221,131,519,3,2161,186,0,430,239,0,3,1038,2411,1904.16,0.567,6.2,14.33,7.97,203.3,72.0,6.7,24.13,30.83,13.4,7.37,4.37,12.87,17.3,0.0,0.67,26.0,54.83,6.33,19.47,13.7,19.63,19.67,35.37,34.6,80.37,63.47
Holy Cross,Crusaders,31aedd91-a77e-46c1-8bdc-80e9860c159d,33,6675.0,848,1834,1164,611,6675.0,0.525,237,670,0.354,25,283,424,0.667,189,655,844,511,359,1.42,241,127,482,5,2216,140,1,495,235,0,3,1091,2453,2020.56,0.548,4.24,15.0,7.12,202.3,67.2,5.73,19.85,25.58,15.5,7.3,3.85,10.88,14.61,0.03,0.76,25.7,55.58,7.18,20.3,8.58,12.85,18.52,35.27,33.06,74.33,61.23
