team,w_l,wins,losses,win_loss_pct,offensive_opp_pts,offensive_opp_ppg,defensive_opp_pts,defensive_opp_ppg,total_field_goals_made,total_field_goals_att,total_field_goals_pct,total_three_points_made,total_three_points_att,total_three_points_pct,total_free_throws_made,total_free_throw_att,total_free_throw_pct,total_steals,steal_pct,total_assists,total_turnovers,turnover_ratio,total_blocks,total_block_pct,total_rebounds,average_rebounds,total_opp_rebounds,average_opp_rebounds,reb_margin
Incarnate Word,24-Jun,6,24,20,1992,66.4,2274,75.8,691,1481,46.7,165,487,33.9,445,549,81.1,178,5.9,345,487,0.71,51,1.7,822,27.4,930,31,-3.6
Hofstra,25-6,25,6,80.6,2613,84.3,2246,72.5,896,1821,49.2,281,719,39.1,540,677,79.8,202,6.5,447,304,1.47,102,3.3,1038,33.5,1006,32.5,1
Central Conn. St.,20-Nov,11,20,35.5,2205,71.1,2367,76.4,754,1821,41.4,201,612,32.8,496,634,78.2,172,5.5,353,427,0.83,110,3.5,1108,35.7,1103,35.6,0.2
Hampton,15-16,15,16,48.4,2531,81.6,2380,76.8,860,1983,43.4,263,764,34.4,548,701,78.2,194,6.3,435,334,1.3,110,3.5,1194,38.5,1184,38.2,0.3
South Dakota St.,24-7,24,7,77.4,2640,85.2,2267,73.1,930,1843,50.5,313,756,41.4,467,598,78.1,193,6.2,466,365,1.28,58,1.9,1183,38.2,1026,33.1,5.1
Ole Miss,19-11,19,11,63.3,2283,76.1,2122,70.7,800,1730,46.2,246,681,36.1,437,560,78,225,7.5,439,388,1.13,105,3.5,1043,34.8,968,32.3,2.5
North Dakota St.,15-15,15,15,50,2181,72.7,2173,72.4,751,1667,45.1,281,791,35.5,398,512,77.7,149,5,351,331,1.06,69,2.3,954,31.8,988,32.9,-1.1
La.-Monroe,15-14,15,14,51.7,2269,78.2,2179,75.1,753,1665,45.2,284,720,39.4,479,619,77.4,171,5.9,394,326,1.21,60,2.1,961,33.1,999,34.4,-1.3
Louisville,19-11,19,11,63.3,2247,74.9,2029,67.6,752,1720,43.7,256,744,34.4,487,630,77.3,141,4.7,403,382,1.05,87,2.9,1137,37.9,1028,34.3,3.6
Toledo,25-6,25,6,80.6,2397,77.3,2098,67.7,852,1876,45.4,302,801,37.7,391,506,77.3,160,5.2,516,383,1.35,144,4.6,1225,39.5,1078,34.8,4.7
Lehigh,20-10,20,10,66.7,2404,80.1,2316,77.2,832,1721,48.3,282,664,42.5,458,594,77.1,164,5.5,461,405,1.14,71,2.4,1078,35.9,1050,35,0.9
Gonzaga,29-2,29,2,93.5,2785,89.8,2013,64.9,1007,1887,53.4,244,664,36.7,527,684,77,233,7.5,569,317,1.79,174,5.6,1211,39.1,1008,32.5,6.5
Liberty,27-6,27,6,81.8,2442,74,1998,60.5,893,1820,49.1,293,796,36.8,363,473,76.7,215,6.5,489,365,1.34,89,2.7,1082,32.8,1008,30.5,2.2
Nicholls St.,13-17,13,17,43.3,2191,73,2239,74.6,784,1857,42.2,313,854,36.7,310,404,76.7,200,6.7,418,378,1.11,124,4.1,1008,33.6,1202,40.1,-6.5
Marquette,23-7,23,7,76.7,2316,77.2,2059,68.6,796,1712,46.5,280,711,39.4,444,579,76.7,148,4.9,409,428,0.96,136,4.5,1130,37.7,991,33,4.6
La Salle,20-Sep,9,20,31,1962,67.7,2110,72.8,677,1685,40.2,241,725,33.2,367,479,76.6,218,7.5,361,413,0.87,89,3.1,985,34,1032,35.6,-1.6
Col. of Charleston,23-8,23,8,74.2,2313,74.6,2134,68.8,823,1710,48.1,213,630,33.8,454,594,76.4,205,6.6,356,328,1.09,70,2.3,1004,32.4,973,31.4,1
Virginia Tech,23-7,23,7,76.7,2234,74.5,1866,62.2,771,1620,47.6,292,733,39.8,400,525,76.2,202,6.7,463,345,1.34,68,2.3,977,32.6,885,29.5,3.1
Tennessee,27-3,27,3,90,2472,82.4,2012,67.1,902,1805,50,201,569,35.3,467,613,76.2,182,6.1,561,335,1.67,165,5.5,1136,37.9,1029,34.3,3.6
Pepperdine,15-17,15,17,46.9,2409,75.3,2357,73.7,808,1827,44.2,290,767,37.8,503,662,76,213,6.7,454,406,1.12,91,2.8,1022,31.9,1128,35.3,-3.3
Denver,22-Aug,8,22,26.7,2086,69.5,2319,77.3,755,1723,43.8,227,622,36.5,349,460,75.9,142,4.7,354,408,0.87,78,2.6,1041,34.7,982,32.7,2
LSU,25-5,25,5,83.3,2451,81.7,2202,73.4,852,1853,46,201,635,31.7,546,720,75.8,280,9.3,390,401,0.97,133,4.4,1162,38.7,1021,34,4.7
Campbell,20-12,20,12,62.5,2426,75.8,2244,70.1,840,1843,45.6,307,892,34.4,439,579,75.8,209,6.5,469,325,1.44,103,3.2,1022,31.9,1107,34.6,-2.7
Drexel,13-18,13,18,41.9,2364,76.3,2402,77.5,850,1841,46.2,232,650,35.7,432,570,75.8,135,4.4,450,361,1.25,60,1.9,1091,35.2,1012,32.6,2.5
Sacred Heart,15-17,15,17,46.9,2558,79.9,2509,78.4,885,1926,46,243,681,35.7,545,722,75.5,170,5.3,471,465,1.01,133,4.2,1231,38.5,1090,34.1,4.4
Drake,24-8,24,8,75,2432,76,2247,70.2,858,1816,47.2,268,732,36.6,448,594,75.4,170,5.3,498,426,1.17,125,3.9,1147,35.8,1077,33.7,2.2
Northeastern,20-10,20,10,66.7,2279,76,2119,70.6,784,1624,48.3,288,747,38.6,423,561,75.4,187,6.2,426,343,1.24,65,2.2,943,31.4,954,31.8,-0.4
UT Martin,19-Dec,12,19,38.7,2356,76,2486,80.2,854,1915,44.6,250,726,34.4,398,528,75.4,223,7.2,441,418,1.06,88,2.8,1062,34.3,1125,36.3,-2
Washington St.,19-Nov,11,19,36.7,2265,75.5,2348,78.3,790,1749,45.2,282,768,36.7,403,535,75.3,160,5.3,448,406,1.1,85,2.8,1012,33.7,1076,35.9,-2.1
Lipscomb,25-6,25,6,80.6,2602,83.9,2135,68.9,903,1870,48.3,274,737,37.2,522,694,75.2,238,7.7,541,416,1.3,85,2.7,1169,37.7,1021,32.9,4.8
Vermont,24-6,24,6,80,2216,73.9,1910,63.7,763,1680,45.4,228,662,34.4,462,617,74.9,167,5.6,352,333,1.06,120,4,1060,35.3,943,31.4,3.9
Virginia,27-2,27,2,93.1,2091,72.1,1569,54.1,750,1557,48.2,244,590,41.4,347,464,74.8,161,5.6,425,268,1.59,113,3.9,1024,35.3,848,29.2,6.1
Iowa,21-9,21,9,70,2357,78.6,2201,73.4,780,1706,45.7,244,674,36.2,553,740,74.7,192,6.4,466,369,1.26,100,3.3,1073,35.8,1034,34.5,1.3
Notre Dame,13-17,13,17,43.3,2082,69.4,2074,69.1,714,1797,39.7,252,796,31.7,402,538,74.7,173,5.8,386,286,1.35,137,4.6,1095,36.5,1172,39.1,-2.6
Louisiana,18-12,18,12,60,2453,81.8,2418,80.6,841,1894,44.4,267,777,34.4,504,675,74.7,216,7.2,445,400,1.11,116,3.9,1064,35.5,1147,38.2,-2.8
UNI,15-17,15,17,46.9,2101,65.7,2115,66.1,725,1736,41.8,262,752,34.8,389,521,74.7,156,4.9,352,374,0.94,70,2.2,1046,32.7,1055,33,-0.3
Utah St.,25-6,25,6,80.6,2450,79,2071,66.8,862,1820,47.4,243,689,35.3,483,647,74.7,195,6.3,534,383,1.39,132,4.3,1240,40,972,31.4,8.6
Weber St.,17-13,17,13,56.7,2410,80.3,2225,74.2,852,1766,48.2,229,625,36.6,477,639,74.6,157,5.2,358,356,1.01,126,4.2,1078,35.9,1095,36.5,-0.6
Milwaukee,22-Sep,9,22,29,2146,69.2,2315,74.7,765,1820,42,237,692,34.2,379,508,74.6,145,4.7,356,382,0.93,94,3,1096,35.4,1125,36.3,-0.9
Charlotte,21-Jul,7,21,25,1698,60.6,1922,68.6,572,1387,41.2,182,588,31,372,499,74.5,135,4.8,280,410,0.68,97,3.5,855,30.5,925,33,-2.5
North Carolina,25-5,25,5,83.3,2605,86.8,2191,73,934,1995,46.8,266,714,37.3,471,632,74.5,222,7.4,582,404,1.44,105,3.5,1301,43.4,996,33.2,10.2
Saint Joseph's,13-18,13,18,41.9,2176,70.2,2241,72.3,741,1821,40.7,267,821,32.5,427,573,74.5,172,5.5,374,289,1.29,102,3.3,1075,34.7,1137,36.7,-2
Davidson,22-8,22,8,73.3,2141,71.4,1944,64.8,755,1664,45.4,286,793,36.1,345,463,74.5,153,5.1,442,334,1.32,69,2.3,1046,34.9,1014,33.8,1.1
Maryland,22-9,22,9,71,2222,71.7,2013,64.9,789,1727,45.7,226,637,35.5,418,561,74.5,135,4.4,410,411,1,147,4.7,1220,39.4,946,30.5,8.8
Pacific,14-18,14,18,43.8,2138,66.8,2241,70,710,1681,42.2,198,566,35,520,698,74.5,199,6.2,325,426,0.76,46,1.4,1040,32.5,992,31,1.5
Hartford,17-14,17,14,54.8,2314,74.6,2247,72.5,796,1746,45.6,302,789,38.3,420,564,74.5,214,6.9,434,379,1.15,64,2.1,985,31.8,1084,35,-3.2
Wagner,13-17,13,17,43.3,1974,65.8,2044,68.1,655,1696,38.6,236,773,30.5,428,575,74.4,184,6.1,351,414,0.85,108,3.6,1095,36.5,1009,33.6,2.9
Loyola Marymount,20-11,20,11,64.5,2094,67.5,1951,62.9,744,1627,45.7,146,460,31.7,460,618,74.4,224,7.2,413,396,1.04,93,3,1005,32.4,906,29.2,3.2
Michigan St.,24-6,24,6,80,2396,79.9,1980,66,850,1737,48.9,251,652,38.5,445,598,74.4,161,5.4,580,389,1.49,165,5.5,1236,41.2,982,32.7,8.5
Bucknell,20-11,20,11,64.5,2357,76,2249,72.5,812,1815,44.7,286,823,34.8,447,601,74.4,164,5.3,481,381,1.26,111,3.6,1096,35.4,1101,35.5,-0.2
Lafayette,20-Oct,10,20,33.3,2209,73.6,2349,78.3,802,1786,44.9,280,736,38,325,437,74.4,158,5.3,419,402,1.04,126,4.2,1001,33.4,1075,35.8,-2.5
Albany (NY),19-Dec,12,19,38.7,2096,67.6,2154,69.5,709,1705,41.6,266,766,34.7,412,554,74.4,193,6.2,394,440,0.9,76,2.5,1057,34.1,1066,34.4,-0.3
Oakland,16-16,16,16,50,2469,77.2,2451,76.6,843,1801,46.8,302,788,38.3,481,647,74.3,186,5.8,561,409,1.37,92,2.9,1018,31.8,1144,35.8,-3.9
Princeton,16-10,16,10,61.5,1812,69.7,1787,68.7,636,1548,41.1,196,632,31,344,463,74.3,162,6.2,277,335,0.83,70,2.7,950,36.5,932,35.8,0.7
Jacksonville St.,24-9,24,9,72.7,2574,78,2283,69.2,953,2062,46.2,200,633,31.6,468,630,74.3,246,7.5,446,439,1.02,136,4.1,1310,39.7,1100,33.3,6.4
Sam Houston St.,20-10,20,10,66.7,2263,75.4,2089,69.6,811,1825,44.4,283,769,36.8,358,482,74.3,228,7.6,498,381,1.31,89,3,1082,36.1,1034,34.5,1.6
Fla. Atlantic,17-13,17,13,56.7,2139,71.3,2042,68.1,746,1807,41.3,266,817,32.6,381,513,74.3,169,5.6,385,444,0.87,85,2.8,1200,40,1064,35.5,4.5
UT Arlington,15-15,15,15,50,2072,69.1,2099,70,707,1731,40.8,214,699,30.6,444,598,74.2,194,6.5,382,430,0.89,88,2.9,1127,37.6,1051,35,2.5
Butler,16-14,16,14,53.3,2171,72.4,2094,69.8,786,1766,44.5,266,756,35.2,333,449,74.2,173,5.8,396,330,1.2,59,2,984,32.8,1026,34.2,-1.4
Florida St.,24-6,24,6,80,2285,76.2,2030,67.7,787,1762,44.7,223,672,33.2,488,658,74.2,218,7.3,395,408,0.97,128,4.3,1116,37.2,978,32.6,4.6
UTSA,17-13,17,13,56.7,2357,78.6,2241,74.7,852,1949,43.7,280,797,35.1,373,503,74.2,204,6.8,391,377,1.04,78,2.6,1152,38.4,1167,38.9,-0.5
Oregon St.,17-12,17,12,58.6,2132,73.5,2015,69.5,753,1615,46.6,193,593,32.5,433,584,74.1,172,5.9,442,368,1.2,158,5.4,1026,35.4,949,32.7,2.7
UNC Asheville,27-Apr,4,27,12.9,1857,59.9,2313,74.6,655,1627,40.3,223,687,32.5,324,437,74.1,196,6.3,331,457,0.72,86,2.8,931,30,1073,34.6,-4.6
Colgate,22-10,22,10,68.8,2404,75.1,2231,69.7,874,1837,47.6,283,742,38.1,373,504,74,192,6,496,415,1.2,112,3.5,1141,35.7,1018,31.8,3.8
Saint Mary's (CA),20-11,20,11,64.5,2277,73.5,2015,65,827,1750,47.3,236,623,37.9,387,523,74,185,6,324,326,0.99,78,2.5,1082,34.9,912,29.4,5.5
San Diego,20-13,20,13,60.6,2389,72.4,2255,68.3,844,1840,45.9,260,744,34.9,441,596,74,191,5.8,490,416,1.18,101,3.1,1135,34.4,1057,32,2.4
South Dakota,13-16,13,16,44.8,2048,70.6,2040,70.3,703,1592,44.2,221,637,34.7,421,569,74,160,5.5,369,314,1.18,67,2.3,902,31.1,987,34,-2.9
Colorado,18-11,18,11,62.1,2171,74.9,1986,68.5,765,1660,46.1,189,582,32.5,452,611,74,154,5.3,390,386,1.01,89,3.1,1079,37.2,921,31.8,5.4
Kentucky,25-5,25,5,83.3,2315,77.2,1965,65.5,801,1674,47.8,185,514,36,528,714,73.9,183,6.1,416,384,1.08,152,5.1,1155,38.5,888,29.6,8.9
Iona,15-15,15,15,50,2305,76.8,2303,76.8,785,1737,45.2,261,755,34.6,474,641,73.9,203,6.8,397,378,1.05,84,2.8,1030,34.3,1104,36.8,-2.5
Murray St.,26-4,26,4,86.7,2505,83.5,2036,67.9,909,1828,49.7,239,681,35.1,448,606,73.9,232,7.7,547,365,1.5,139,4.6,1129,37.6,1026,34.2,3.4
Georgetown,18-12,18,12,60,2414,80.5,2348,78.3,825,1855,44.5,251,705,35.6,513,694,73.9,181,6,513,411,1.25,121,4,1196,39.9,1081,36,3.8
South Carolina St.,25-Jul,7,25,21.9,2252,70.4,2461,76.9,770,1799,42.8,182,552,33,530,717,73.9,163,5.1,359,463,0.78,58,1.8,1064,33.3,1050,32.8,0.4
Belmont,26-4,26,4,86.7,2645,88.2,2213,73.8,962,1912,50.3,318,838,37.9,403,546,73.8,207,6.9,601,352,1.71,115,3.8,1174,39.1,1040,34.7,4.5
Winthrop,18-12,18,12,60,2499,83.3,2358,78.6,855,1878,45.5,372,997,37.3,417,565,73.8,134,4.5,460,456,1.01,83,2.8,1231,41,1073,35.8,5.3
Western Ill.,20-Sep,9,20,31,2046,70.6,2120,73.1,762,1741,43.8,227,591,38.4,295,400,73.8,155,5.3,305,333,0.92,126,4.3,1024,35.3,1085,37.4,-2.1
Wright St.,20-12,20,12,62.5,2360,73.8,2159,67.5,819,1857,44.1,256,743,34.5,466,632,73.7,199,6.2,450,375,1.2,63,2,1123,35.1,1017,31.8,3.3
Miami (FL),13-17,13,17,43.3,2162,72.1,2133,71.1,759,1742,43.6,253,760,33.3,391,531,73.6,202,6.7,391,353,1.11,97,3.2,1000,33.3,1090,36.3,-3
The Citadel,18-Dec,12,18,40,2553,85.1,2584,86.1,899,2011,44.7,370,1076,34.4,385,523,73.6,201,6.7,463,386,1.2,110,3.7,1104,36.8,1216,40.5,-3.7
Niagara,13-19,13,19,40.6,2318,72.4,2432,76,795,1887,42.1,265,738,35.9,463,629,73.6,128,4,343,390,0.88,127,4,1143,35.7,1154,36.1,-0.3
Montana St.,14-15,14,15,48.3,2263,78,2307,79.6,777,1718,45.2,270,734,36.8,439,598,73.4,162,5.6,437,363,1.2,43,1.5,990,34.1,998,34.4,-0.3
Idaho St.,18-Oct,10,18,35.7,2048,73.1,2207,78.8,730,1631,44.8,254,693,36.7,334,455,73.4,140,5,356,336,1.06,81,2.9,914,32.6,963,34.4,-1.8
Grand Canyon,18-11,18,11,62.1,2200,75.9,1955,67.4,775,1691,45.8,214,648,33,436,594,73.4,185,6.4,431,359,1.2,66,2.3,1056,36.4,951,32.8,3.6
Northern Ill.,15-16,15,16,48.4,2279,73.5,2205,71.1,851,1829,46.5,204,585,34.9,373,509,73.3,175,5.6,351,375,0.94,70,2.3,1088,35.1,1041,33.6,1.5
Clemson,18-12,18,12,60,2084,69.5,1928,64.3,750,1630,46,193,582,33.2,391,534,73.2,193,6.4,368,401,0.92,131,4.4,1051,35,959,32,3.1
Iowa St.,20-10,20,10,66.7,2336,77.9,2052,68.4,850,1778,47.8,254,704,36.1,382,522,73.2,216,7.2,470,328,1.43,136,4.5,1052,35.1,1035,34.5,0.6
Ohio St.,18-12,18,12,60,2082,69.4,1960,65.3,720,1644,43.8,220,652,33.7,422,577,73.1,172,5.7,414,376,1.1,75,2.5,1044,34.8,996,33.2,1.6
VMI,20-Nov,11,20,35.5,2361,76.2,2518,81.2,815,1908,42.7,315,870,36.2,416,569,73.1,211,6.8,431,381,1.13,61,2,1079,34.8,1199,38.7,-3.9
Indiana St.,15-16,15,16,48.4,2146,69.2,2218,71.5,757,1719,44,178,491,36.3,454,621,73.1,207,6.7,342,402,0.85,73,2.4,1007,32.5,1072,34.6,-2.1
Northwestern,13-17,13,17,43.3,1982,66.1,1938,64.6,691,1708,40.5,214,685,31.2,386,528,73.1,166,5.5,424,330,1.28,127,4.2,1020,34,1083,36.1,-2.1
Longwood,15-17,15,17,46.9,2228,69.6,2241,70,742,1755,42.3,302,878,34.4,442,605,73.1,198,6.2,364,459,0.79,68,2.1,1133,35.4,1099,34.3,1.1
Temple,22-8,22,8,73.3,2254,75.1,2135,71.2,798,1814,44,228,688,33.1,430,590,72.9,264,8.8,440,331,1.33,69,2.3,1033,34.4,1110,37,-2.6
Purdue,22-8,22,8,73.3,2295,76.5,2006,66.9,805,1798,44.8,298,806,37,387,531,72.9,197,6.6,427,326,1.31,123,4.1,1105,36.8,952,31.7,5.1
Samford,17-15,17,15,53.1,2513,78.5,2410,75.3,894,1889,47.3,250,666,37.5,475,652,72.9,231,7.2,449,452,0.99,126,3.9,1190,37.2,1176,36.8,0.4
Arkansas St.,13-17,13,17,43.3,2205,73.5,2310,77,742,1769,41.9,222,653,34,499,685,72.8,177,5.9,347,435,0.8,129,4.3,1133,37.8,1062,35.4,2.4
Western Ky.,18-13,18,13,58.1,2236,72.1,2183,70.4,793,1753,45.2,186,559,33.3,464,637,72.8,216,7,384,429,0.9,155,5,1132,36.5,1076,34.7,1.8
Presbyterian,18-15,18,15,54.5,2601,78.8,2389,72.4,888,1971,45.1,361,945,38.2,464,637,72.8,193,5.8,518,326,1.59,67,2,1146,34.7,1160,35.2,-0.4
UNCW,22-Sep,9,22,29,2361,76.2,2504,80.8,825,1869,44.1,250,715,35,461,633,72.8,141,4.5,467,418,1.12,58,1.9,1153,37.2,1037,33.5,3.7
BYU,19-12,19,12,61.3,2470,79.7,2356,76,860,1820,47.3,225,667,33.7,525,721,72.8,196,6.3,477,344,1.39,102,3.3,1086,35,1125,36.3,-1.3
St. Bonaventure,15-15,15,15,50,1995,66.5,1925,64.2,739,1707,43.3,180,562,32,337,463,72.8,185,6.2,370,382,0.97,133,4.4,1037,34.6,1002,33.4,1.2
Dartmouth,18-Nov,11,18,37.9,2109,72.7,2050,70.7,770,1695,45.4,263,702,37.5,306,421,72.7,153,5.3,419,346,1.21,100,3.4,991,34.2,974,33.6,0.6
Wake Forest,18-Nov,11,18,37.9,1991,68.7,2200,75.9,671,1694,39.6,187,607,30.8,462,636,72.6,142,4.9,316,394,0.8,75,2.6,1098,37.9,998,34.4,3.4
Saint Peter's,22-Oct,10,22,31.3,2012,62.9,2196,68.6,707,1639,43.1,184,567,32.5,414,570,72.6,172,5.4,301,489,0.62,177,5.5,1037,32.4,982,30.7,1.7
Delaware,16-15,16,15,51.6,2193,70.7,2223,71.7,773,1696,45.6,257,695,37,390,537,72.6,141,4.5,392,355,1.1,77,2.5,1023,33,1076,34.7,-1.7
Marshall,17-13,17,13,56.7,2416,80.5,2484,82.8,848,1926,44,292,863,33.8,428,590,72.5,275,9.2,426,377,1.13,141,4.7,995,33.2,1281,42.7,-9.5
Howard,16-15,16,15,51.6,2463,79.5,2434,78.5,861,1987,43.3,217,607,35.7,524,723,72.5,178,5.7,418,384,1.09,123,4,1148,37,1210,39,-2
Eastern Wash.,13-17,13,17,43.3,2151,71.7,2237,74.6,765,1807,42.3,274,792,34.6,347,479,72.4,172,5.7,412,354,1.16,90,3,1047,34.9,1078,35.9,-1
Florida,17-13,17,13,56.7,2060,68.7,1910,63.7,720,1704,42.3,252,745,33.8,368,508,72.4,222,7.4,366,354,1.03,117,3.9,1011,33.7,1036,34.5,-0.8
Coastal Caro.,15-14,15,14,51.7,2247,77.5,2111,72.8,759,1658,45.8,242,638,37.9,487,673,72.4,188,6.5,389,418,0.93,73,2.5,1063,36.7,938,32.3,4.3
Utah Valley,22-8,22,8,73.3,2327,77.6,2121,70.7,803,1654,48.5,242,618,39.2,479,662,72.4,182,6.1,415,409,1.01,71,2.4,1081,36,957,31.9,4.1
Central Ark.,18-Dec,12,18,40,2175,72.5,2303,76.8,748,1747,42.8,250,711,35.2,429,593,72.3,180,6,427,438,0.97,114,3.8,1054,35.1,1140,38,-2.9
St. John's (NY),20-10,20,10,66.7,2354,78.5,2227,74.2,844,1844,45.8,264,716,36.9,402,556,72.3,266,8.9,427,320,1.33,98,3.3,990,33,1152,38.4,-5.4
California,22-Aug,8,22,26.7,2070,69,2331,77.7,723,1688,42.8,199,570,34.9,425,588,72.3,215,7.2,328,343,0.96,93,3.1,882,29.4,1079,36,-6.6
Idaho,25-May,5,25,16.7,2035,67.8,2315,77.2,728,1648,44.2,235,640,36.7,344,476,72.3,119,4,374,417,0.9,51,1.7,997,33.2,1088,36.3,-3
Fairleigh Dickinson,18-13,18,13,58.1,2338,75.4,2214,71.4,827,1749,47.3,241,602,40,443,613,72.3,242,7.8,446,419,1.06,110,3.5,1031,33.3,1060,34.2,-0.9
San Diego St.,19-11,19,11,63.3,2199,73.3,2035,67.8,766,1714,44.7,233,636,36.6,434,601,72.2,179,6,442,385,1.15,103,3.4,1091,36.4,1009,33.6,2.7
Mississippi St.,21-9,21,9,70,2304,76.8,2096,69.9,819,1747,46.9,248,668,37.1,418,579,72.2,249,8.3,420,401,1.05,152,5.1,1072,35.7,963,32.1,3.6
Villanova,22-8,22,8,73.3,2239,74.6,2001,66.7,748,1691,44.2,318,905,35.1,425,589,72.2,165,5.5,429,331,1.3,89,3,1060,35.3,980,32.7,2.7
Kent St.,22-9,22,9,71,2323,74.9,2241,72.3,819,1890,43.3,240,708,33.9,445,617,72.1,216,7,409,361,1.13,111,3.6,1111,35.8,1067,34.4,1.4
Evansville,21-Nov,11,21,34.4,2234,69.8,2317,72.4,747,1774,42.1,264,778,33.9,476,660,72.1,184,5.8,394,410,0.96,89,2.8,1092,34.1,1217,38,-3.9
Oregon,18-12,18,12,60,2115,70.5,1928,64.3,758,1691,44.8,232,671,34.6,367,509,72.1,228,7.6,409,351,1.17,123,4.1,1021,34,984,32.8,1.2
N.C. Central,15-14,15,14,51.7,2113,72.9,1947,67.1,763,1656,46.1,189,589,32.1,398,552,72.1,187,6.4,455,450,1.01,79,2.7,1084,37.4,887,30.6,6.8
SMU,13-16,13,16,44.8,2078,71.7,2031,70,750,1724,43.5,240,717,33.5,338,469,72.1,167,5.8,402,318,1.26,115,4,1048,36.1,988,34.1,2.1
Wyoming,23-Jul,7,23,23.3,1949,65,2252,75.1,642,1548,41.5,230,673,34.2,435,604,72,168,5.6,302,421,0.72,82,2.7,915,30.5,1131,37.7,-7.2
UMass Lowell,15-16,15,16,48.4,2386,77,2342,75.5,849,1799,47.2,239,705,33.9,449,624,72,177,5.7,488,437,1.12,83,2.7,1085,35,1091,35.2,-0.2
Arizona,17-13,17,13,56.7,2140,71.3,2055,68.5,751,1756,42.8,225,658,34.2,413,574,72,158,5.3,375,342,1.1,66,2.2,1045,34.8,1031,34.4,0.5
James Madison,13-18,13,18,41.9,2181,70.4,2260,72.9,769,1750,43.9,230,643,35.8,413,574,72,194,6.3,381,396,0.96,100,3.2,1066,34.4,1036,33.4,1
Omaha,19-10,19,10,65.5,2318,79.9,2245,77.4,874,1821,48,260,661,39.3,310,431,71.9,164,5.7,386,274,1.41,54,1.9,941,32.4,985,34,-1.5
Troy,18-Nov,11,18,37.9,2105,72.6,2175,75,751,1655,45.4,227,669,33.9,376,523,71.9,165,5.7,381,395,0.96,132,4.6,979,33.8,1031,35.6,-1.8
Fresno St.,21-8,21,8,72.4,2191,75.6,1946,67.1,756,1686,44.8,298,795,37.5,381,530,71.9,202,7,396,371,1.07,99,3.4,1042,35.9,993,34.2,1.7
George Mason,16-14,16,14,53.3,2115,70.5,2099,70,753,1687,44.6,185,568,32.6,424,590,71.9,191,6.4,358,396,0.9,90,3,1051,35,1016,33.9,1.2
DePaul,15-13,15,13,53.6,2154,76.9,2080,74.3,771,1646,46.8,191,547,34.9,421,586,71.8,180,6.4,411,386,1.06,85,3,1051,37.5,900,32.1,5.4
NJIT,21-12,21,12,63.6,2310,70,2238,67.8,792,1778,44.5,229,664,34.5,497,692,71.8,211,6.4,354,409,0.87,90,2.7,1111,33.7,1162,35.2,-1.5
Detroit Mercy,20-Nov,11,20,35.5,2279,73.5,2464,79.5,784,1874,41.8,294,825,35.6,417,581,71.8,238,7.7,319,356,0.9,77,2.5,1019,32.9,1211,39.1,-6.2
Nevada,27-3,27,3,90,2448,81.6,2011,67,831,1783,46.6,268,761,35.2,518,722,71.7,193,6.4,459,303,1.51,119,4,1120,37.3,1074,35.8,1.5
Norfolk St.,19-12,19,12,61.3,2312,74.6,2156,69.5,784,1772,44.2,245,658,37.2,499,696,71.7,181,5.8,404,466,0.87,137,4.4,1129,36.4,1112,35.9,0.5
Radford,22-10,22,10,68.8,2375,74.2,2171,67.8,865,1870,46.3,278,728,38.2,367,512,71.7,191,6,456,353,1.29,98,3.1,1138,35.6,1015,31.7,3.8
Stony Brook,24-7,24,7,77.4,2213,71.4,2028,65.4,766,1811,42.3,218,664,32.8,463,646,71.7,189,6.1,344,447,0.77,131,4.2,1263,40.7,1060,34.2,6.5
Illinois St.,17-16,17,16,51.5,2257,68.4,2314,70.1,813,1887,43.1,244,734,33.2,387,540,71.7,162,4.9,421,417,1.01,106,3.2,1139,34.5,1156,35,-0.5
Quinnipiac,16-13,16,13,55.2,2121,73.1,2065,71.2,683,1616,42.3,320,860,37.2,435,607,71.7,153,5.3,369,397,0.93,58,2,1047,36.1,1012,34.9,1.2
Boise St.,19-Nov,11,19,36.7,2149,71.6,2077,69.2,769,1646,46.7,227,651,34.9,384,536,71.6,177,5.9,354,347,1.02,63,2.1,933,31.1,950,31.7,-0.6
Texas Tech,25-5,25,5,83.3,2185,72.8,1745,58.2,783,1653,47.4,215,587,36.6,404,564,71.6,216,7.2,426,372,1.15,146,4.9,1030,34.3,949,31.6,2.7
Cornell,14-15,14,15,48.3,1994,68.8,2062,71.1,692,1598,43.3,229,691,33.1,381,532,71.6,170,5.9,416,378,1.1,99,3.4,952,32.8,1092,37.7,-4.8
Santa Clara,16-15,16,15,51.6,2115,68.2,2172,70.1,735,1653,44.5,239,663,36,406,567,71.6,146,4.7,416,433,0.96,111,3.6,1027,33.1,1059,34.2,-1
Miami (OH),15-16,15,16,48.4,2216,71.5,2153,69.5,763,1791,42.6,264,805,32.8,426,595,71.6,184,5.9,347,397,0.87,87,2.8,1151,37.1,1066,34.4,2.7
Georgia,19-Nov,11,19,36.7,2167,72.2,2227,74.2,747,1670,44.7,202,612,33,471,658,71.6,174,5.8,410,473,0.87,145,4.8,1143,38.1,1042,34.7,3.4
Furman,24-6,24,6,80,2345,78.2,1966,65.5,850,1789,47.5,308,849,36.3,337,471,71.5,265,8.8,477,375,1.27,126,4.2,1083,36.1,1023,34.1,2
Yale,19-7,19,7,73.1,2092,80.5,1902,73.2,774,1565,49.5,205,552,37.1,339,474,71.5,153,5.9,452,361,1.25,117,4.5,1021,39.3,890,34.2,5
Northern Colo.,21-9,21,9,70,2308,76.9,2057,68.6,801,1726,46.4,287,791,36.3,419,586,71.5,163,5.4,397,368,1.08,89,3,1064,35.5,962,32.1,3.4
UC Davis,18-Nov,11,18,37.9,1897,65.4,1982,68.3,674,1555,43.3,193,587,32.9,356,498,71.5,184,6.3,348,387,0.9,65,2.2,875,30.2,1006,34.7,-4.5
UC Santa Barbara,20-9,20,9,69,2129,73.4,1900,65.5,748,1648,45.4,187,550,34,446,624,71.5,147,5.1,405,324,1.25,96,3.3,1097,37.8,900,31,6.8
Appalachian St.,19-Nov,11,19,36.7,2406,80.2,2372,79.1,830,1822,45.6,270,753,35.9,476,667,71.4,161,5.4,380,396,0.96,81,2.7,1065,35.5,1121,37.4,-1.9
McNeese,21-Sep,9,21,30,2091,69.7,2220,74,738,1620,45.6,164,526,31.2,451,632,71.4,143,4.8,417,439,0.95,93,3.1,1021,34,984,32.8,1.2
Morgan St.,20-Sep,9,20,31,2088,72,2223,76.7,732,1845,39.7,161,503,32,463,649,71.3,217,7.5,347,395,0.88,48,1.7,1047,36.1,1160,40,-3.9
Seton Hall,17-12,17,12,58.6,2135,73.6,2072,71.4,763,1713,44.5,196,616,31.8,413,579,71.3,204,7,393,376,1.05,119,4.1,1028,35.4,1046,36.1,-0.6
Navy,18-Dec,12,18,40,1991,66.4,2170,72.3,706,1724,41,201,633,31.8,378,530,71.3,162,5.4,386,424,0.91,57,1.9,1128,37.6,1020,34,3.6
Abilene Christian,24-6,24,6,80,2231,74.4,1904,63.5,799,1691,47.3,223,579,38.5,410,575,71.3,257,8.6,470,365,1.29,84,2.8,995,33.2,953,31.8,1.4
Bryant,20-Oct,10,20,33.3,2088,69.6,2314,77.1,709,1681,42.2,230,708,32.5,440,618,71.2,158,5.3,319,385,0.83,78,2.6,969,32.3,1082,36.1,-3.8
Eastern Ky.,13-18,13,18,41.9,2562,82.6,2577,83.1,902,2125,42.4,272,832,32.7,486,683,71.2,317,10.2,458,447,1.02,101,3.3,1167,37.6,1288,41.5,-3.9
NC State,20-10,20,10,66.7,2439,81.3,2138,71.3,893,1929,46.3,251,694,36.2,402,565,71.2,228,7.6,469,390,1.2,113,3.8,1145,38.2,1020,34,4.2
Seattle U,17-13,17,13,56.7,2194,73.1,2050,68.3,770,1753,43.9,220,582,37.8,434,610,71.1,131,4.4,358,375,0.95,109,3.6,1094,36.5,999,33.3,3.2
USC Upstate,26-Jun,6,26,18.8,2169,67.8,2395,74.8,775,1872,41.4,269,817,32.9,350,492,71.1,207,6.5,434,440,0.99,94,2.9,1051,32.8,1199,37.5,-4.6
Houston,28-2,28,2,93.3,2284,76.1,1841,61.4,800,1777,45,278,773,36,406,571,71.1,199,6.6,456,346,1.32,131,4.4,1223,40.8,992,33.1,7.7
Southeastern La.,16-14,16,14,53.3,2016,67.2,2025,67.5,695,1581,44,211,627,33.7,415,584,71.1,201,6.7,414,492,0.84,74,2.5,1011,33.7,931,31,2.7
Wichita St.,16-13,16,13,55.2,2035,70.2,2007,69.2,732,1795,40.8,220,699,31.5,351,494,71.1,134,4.6,399,351,1.14,99,3.4,1095,37.8,1018,35.1,2.7
Texas,16-14,16,14,53.3,2151,71.7,2010,67,759,1733,43.8,260,755,34.4,373,525,71,180,6,389,334,1.16,123,4.1,1025,34.2,1031,34.4,-0.2
Saint Francis (PA),17-13,17,13,56.7,2297,76.6,2270,75.7,808,1853,43.6,232,671,34.6,449,632,71,208,6.9,382,374,1.02,87,2.9,1139,38,1041,34.7,3.3
Loyola Maryland,21-Nov,11,21,34.4,2332,72.9,2477,77.4,842,1836,45.9,210,616,34.1,438,617,71,278,8.7,448,444,1.01,73,2.3,996,31.1,1069,33.4,-2.3
Gardner-Webb,22-11,22,11,66.7,2586,78.4,2332,70.7,908,1864,48.7,267,679,39.3,503,709,70.9,230,7,479,383,1.25,98,3,1134,34.4,1163,35.2,-0.9
Cincinnati,25-5,25,5,83.3,2152,71.7,1836,61.2,747,1728,43.2,199,573,34.7,459,647,70.9,198,6.6,412,320,1.29,136,4.5,1087,36.2,919,30.6,5.6
Memphis,18-12,18,12,60,2455,81.8,2294,76.5,865,1877,46.1,225,674,33.4,500,705,70.9,241,8,472,459,1.03,113,3.8,1131,37.7,1065,35.5,2.2
Green Bay,17-15,17,15,53.1,2599,81.2,2567,80.2,923,2032,45.4,250,739,33.8,503,710,70.8,254,7.9,473,403,1.17,127,4,1162,36.3,1278,39.9,-3.6
Austin Peay,22-11,22,11,66.7,2712,82.2,2413,73.1,973,2060,47.2,268,702,38.2,498,705,70.6,252,7.6,454,392,1.16,110,3.3,1223,37.1,1138,34.5,2.6
Brown,19-10,19,10,65.5,2158,74.4,1987,68.5,742,1665,44.6,225,666,33.8,449,636,70.6,222,7.7,380,405,0.94,112,3.9,1061,36.6,1053,36.3,0.3
LIU Brooklyn,16-15,16,15,51.6,2309,74.5,2265,73.1,800,1819,44,264,779,33.9,445,631,70.5,216,7,417,461,0.9,151,4.9,1160,37.4,1151,37.1,0.3
Portland St.,15-15,15,15,50,2320,77.3,2243,74.8,802,1879,42.7,221,708,31.2,495,702,70.5,251,8.4,409,423,0.97,120,4,1191,39.7,987,32.9,6.8
Morehead St.,13-20,13,20,39.4,2431,73.7,2543,77.1,855,1993,42.9,260,762,34.1,461,654,70.5,186,5.6,441,402,1.1,137,4.2,1175,35.6,1236,37.5,-1.8
Wofford,26-4,26,4,86.7,2489,83,1963,65.4,904,1849,48.9,335,802,41.8,346,491,70.5,208,6.9,464,321,1.45,89,3,1055,35.2,862,28.7,6.4
Utah,16-13,16,13,55.2,2197,75.8,2164,74.6,756,1614,46.8,279,745,37.4,406,577,70.4,136,4.7,417,392,1.06,76,2.6,1021,35.2,926,31.9,3.3
Ball St.,15-16,15,16,48.4,2331,75.2,2220,71.6,834,1776,47,189,578,32.7,474,674,70.3,209,6.7,395,448,0.88,113,3.6,1167,37.6,1104,35.6,2
SIUE,21-Oct,10,21,32.3,2265,73.1,2520,81.3,794,1898,41.8,201,665,30.2,476,677,70.3,198,6.4,382,438,0.87,70,2.3,1082,34.9,1162,37.5,-2.6
Southern Utah,14-15,14,15,48.3,2188,75.4,2202,75.9,760,1720,44.2,231,695,33.2,437,622,70.3,172,5.9,364,394,0.92,99,3.4,1061,36.6,1072,37,-0.4
IUPUI,16-16,16,16,50,2434,76.1,2349,73.4,862,1905,45.2,226,668,33.8,484,690,70.1,223,7,460,444,1.04,103,3.2,1192,37.3,1042,32.6,4.7
Akron,16-15,16,15,51.6,2145,69.2,1974,63.7,756,1838,41.1,276,874,31.6,357,509,70.1,175,5.6,379,362,1.05,96,3.1,1135,36.6,1197,38.6,-2
Auburn,21-9,21,9,70,2398,79.9,2043,68.1,831,1853,44.8,330,881,37.5,406,579,70.1,273,9.1,440,385,1.14,148,4.9,1069,35.6,1055,35.2,0.5
Youngstown St.,20-Dec,12,20,37.5,2415,75.5,2526,78.9,879,2057,42.7,303,891,34,354,505,70.1,210,6.6,449,423,1.06,115,3.6,1207,37.7,1138,35.6,2.2
Tennessee St.,21-Sep,9,21,30,2182,72.7,2332,77.7,751,1739,43.2,240,716,33.5,440,628,70.1,219,7.3,342,497,0.69,78,2.6,1032,34.4,1034,34.5,-0.1
Nebraska,15-15,15,15,50,2142,71.4,1978,65.9,758,1778,42.6,226,671,33.7,400,571,70.1,212,7.1,385,291,1.32,125,4.2,1074,35.8,1149,38.3,-2.5
Washington,24-6,24,6,80,2135,71.2,1930,64.3,751,1630,46.1,226,639,35.4,407,581,70.1,267,8.9,354,402,0.88,179,6,965,32.2,1009,33.6,-1.5
Cal St. Fullerton,14-15,14,15,48.3,2117,73,2056,70.9,757,1651,45.9,164,507,32.3,439,627,70,172,5.9,365,391,0.93,98,3.4,1068,36.8,1034,35.7,1.2
UMKC,20-Oct,10,20,33.3,2080,69.3,2209,73.6,724,1675,43.2,243,673,36.1,389,556,70,220,7.3,334,371,0.9,85,2.8,908,30.3,1098,36.6,-6.3
Purdue Fort Wayne,17-14,17,14,54.8,2572,83,2425,78.2,934,1944,48,336,892,37.7,368,526,70,228,7.4,497,371,1.34,142,4.6,1070,34.5,1118,36.1,-1.5
Valparaiso,15-18,15,18,45.5,2205,66.8,2187,66.3,802,1783,45,185,585,31.6,416,595,69.9,202,6.1,431,436,0.99,101,3.1,1113,33.7,1083,32.8,0.9
VCU,25-6,25,6,80.6,2216,71.5,1896,61.2,778,1753,44.4,222,725,30.6,438,627,69.9,249,8,432,435,0.99,137,4.4,1140,36.8,1099,35.5,1.3
New Mexico,13-16,13,16,44.8,2201,75.9,2207,76.1,737,1728,42.7,266,764,34.8,461,660,69.8,195,6.7,400,423,0.95,106,3.7,1088,37.5,1081,37.3,0.2
Northern Ariz.,20-Sep,9,20,31,2113,72.9,2252,77.7,736,1702,43.2,239,700,34.1,402,576,69.8,184,6.3,358,344,1.04,63,2.2,981,33.8,1056,36.4,-2.6
American,15-15,15,15,50,2161,72,2070,69,780,1644,47.4,190,583,32.6,411,589,69.8,221,7.4,402,386,1.04,131,4.4,1014,33.8,998,33.3,0.5
Columbia,17-Oct,10,17,37,1978,73.3,1969,72.9,751,1657,45.3,227,627,36.2,249,357,69.7,208,7.7,433,350,1.24,76,2.8,955,35.4,958,35.5,-0.1
Illinois,19-Nov,11,19,36.7,2206,73.5,2259,75.3,790,1834,43.1,241,702,34.3,385,552,69.7,224,7.5,401,393,1.02,79,2.6,985,32.8,1098,36.6,-3.8
Robert Morris,17-15,17,15,53.1,2218,69.3,2171,67.8,775,1790,43.3,249,704,35.4,419,601,69.7,231,7.2,443,475,0.93,83,2.6,1079,33.7,1059,33.1,0.6
North Dakota,17-Dec,12,17,41.4,2144,73.9,2115,72.9,793,1713,46.3,234,628,37.3,324,465,69.7,169,5.8,390,374,1.04,84,2.9,979,33.8,1013,34.9,-1.2
Kansas,22-8,22,8,73.3,2266,75.5,2104,70.1,818,1760,46.5,226,637,35.5,404,580,69.7,204,6.8,402,403,1,110,3.7,1126,37.5,1064,35.5,2.1
UNC Greensboro,26-5,26,5,83.9,2384,76.9,2086,67.3,873,1895,46.1,244,710,34.4,394,566,69.6,278,9,409,367,1.11,122,3.9,1079,34.8,1051,33.9,0.9
Colorado St.,18-Dec,12,18,40,2276,75.9,2275,75.8,820,1706,48.1,245,674,36.4,391,562,69.6,184,6.1,445,349,1.28,74,2.5,1023,34.1,1025,34.2,-0.1
Pittsburgh,18-Dec,12,18,40,2111,70.4,2071,69,703,1673,42,202,621,32.5,503,723,69.6,207,6.9,356,414,0.86,115,3.8,1097,36.6,1104,36.8,-0.2
Texas A&M,13-16,13,16,44.8,2049,70.7,2073,71.5,732,1682,43.5,184,611,30.1,401,577,69.5,187,6.4,350,408,0.86,137,4.7,1106,38.1,1057,36.4,1.7
Kennesaw St.,26-Jun,6,26,18.8,2030,63.4,2455,76.7,742,1945,38.1,136,438,31.1,410,590,69.5,185,5.8,362,437,0.83,106,3.3,1163,36.3,1223,38.2,-1.9
Penn St.,13-17,13,17,43.3,2085,69.5,2063,68.8,737,1770,41.6,209,649,32.2,402,579,69.4,229,7.6,358,374,0.96,116,3.9,1096,36.5,1031,34.4,2.2
Boston College,14-15,14,15,48.3,2079,71.7,2103,72.5,731,1689,43.3,209,643,32.5,408,588,69.4,150,5.2,362,358,1.01,94,3.2,1068,36.8,1100,37.9,-1.1
Michigan,26-4,26,4,86.7,2120,70.7,1749,58.3,770,1708,45.1,238,679,35.1,342,493,69.4,182,6.1,403,275,1.47,127,4.2,1059,35.3,1030,34.3,1
Georgia Tech,14-17,14,17,45.2,2020,65.2,2052,66.2,724,1654,43.8,169,553,30.6,403,581,69.4,217,7,417,453,0.92,161,5.2,1043,33.6,1116,36,-2.4
A&M-Corpus Christi,13-17,13,17,43.3,1997,66.6,1982,66.1,724,1692,42.8,190,579,32.8,359,518,69.3,190,6.3,397,428,0.93,88,2.9,1088,36.3,971,32.4,3.9
Harvard,16-10,16,10,61.5,1840,70.8,1792,68.9,658,1431,46,226,600,37.7,298,430,69.3,148,5.7,323,417,0.77,103,4,941,36.2,827,31.8,4.4
Oral Roberts,20-Nov,11,20,35.5,2241,72.3,2397,77.3,830,1817,45.7,256,710,36.1,325,469,69.3,146,4.7,418,435,0.96,106,3.4,1113,35.9,1026,33.1,2.8
Fairfield,22-Sep,9,22,29,2072,66.8,2167,69.9,761,1755,43.4,259,740,35,291,420,69.3,202,6.5,401,436,0.92,63,2,968,31.2,1065,34.4,-3.1
Western Mich.,23-Aug,8,23,25.8,2179,70.3,2358,76.1,749,1747,42.9,221,692,31.9,460,664,69.3,147,4.7,358,478,0.75,76,2.5,1144,36.9,1089,35.1,1.8
Duquesne,19-11,19,11,63.3,2198,73.3,2144,71.5,754,1768,42.6,255,791,32.2,435,628,69.3,244,8.1,416,433,0.96,145,4.8,1068,35.6,1150,38.3,-2.7
Towson,21-Oct,10,21,32.3,2097,67.6,2220,71.6,782,1811,43.2,177,538,32.9,356,514,69.3,149,4.8,309,373,0.83,92,3,1153,37.2,999,32.2,5
Elon,20-Nov,11,20,35.5,2180,70.3,2352,75.9,780,1789,43.6,325,917,35.4,295,426,69.2,129,4.2,454,402,1.13,56,1.8,1045,33.7,1133,36.5,-2.8
Buffalo,28-3,28,3,90.3,2634,85,2198,70.9,943,2036,46.3,298,876,34,450,650,69.2,231,7.5,532,374,1.42,122,3.9,1260,40.6,1147,37,3.6
Missouri St.,16-16,16,16,50,2206,68.9,2157,67.4,774,1714,45.2,224,649,34.5,434,627,69.2,221,6.9,354,385,0.92,127,4,1000,31.3,1013,31.7,-0.4
Missouri,14-15,14,15,48.3,1940,66.9,1953,67.3,688,1607,42.8,238,669,35.6,326,471,69.2,136,4.7,325,413,0.79,49,1.7,1031,35.6,916,31.6,4
North Florida,16-17,16,17,48.5,2485,75.3,2531,76.7,902,2014,44.8,308,897,34.3,373,539,69.2,212,6.4,520,536,0.97,165,5,1252,37.9,1262,38.2,-0.3
Stetson,24-Jul,7,24,22.6,2151,69.4,2429,78.4,794,1962,40.5,215,684,31.4,348,503,69.2,210,6.8,418,397,1.05,94,3,1110,35.8,1212,39.1,-3.3
Canisius,15-16,15,16,48.4,2191,70.7,2303,74.3,776,1776,43.7,253,771,32.8,386,558,69.2,196,6.3,456,401,1.14,103,3.3,986,31.8,1109,35.8,-4
Long Beach St.,14-18,14,18,43.8,2410,75.3,2443,76.3,828,1918,43.2,210,601,34.9,544,787,69.1,200,6.3,386,457,0.84,100,3.1,1199,37.5,1253,39.2,-1.7
Tulsa,18-12,18,12,60,2168,72.3,2131,71,731,1604,45.6,207,599,34.6,499,722,69.1,161,5.4,399,381,1.05,69,2.3,1041,34.7,1107,36.9,-2.2
UC Riverside,22-Sep,9,22,29,2038,65.7,2146,69.2,748,1682,44.5,263,701,37.5,279,404,69.1,157,5.1,404,398,1.02,55,1.8,989,31.9,965,31.1,0.8
Creighton,17-13,17,13,56.7,2368,78.9,2221,74,848,1760,48.2,324,828,39.1,348,504,69,201,6.7,476,399,1.19,76,2.5,1034,34.5,1025,34.2,0.3
TCU,18-12,18,12,60,2242,74.7,2121,70.7,809,1778,45.5,230,666,34.5,394,571,69,216,7.2,490,405,1.21,129,4.3,1087,36.2,1028,34.3,2
UTRGV,18-15,18,15,54.5,2318,70.2,2307,69.9,784,1905,41.2,174,556,31.3,576,835,69,313,9.5,444,425,1.04,92,2.8,1103,33.4,1288,39,-5.6
Bradley,18-14,18,14,56.3,2154,67.3,2104,65.8,749,1709,43.8,218,592,36.8,438,635,69,181,5.7,389,409,0.95,116,3.6,1092,34.1,1061,33.2,1
Xavier,16-14,16,14,53.3,2161,72,2130,71,781,1667,46.9,211,626,33.7,388,563,68.9,167,5.6,434,412,1.05,113,3.8,1081,36,964,32.1,3.9
Duke,26-4,26,4,86.7,2538,84.6,2010,67,925,1926,48,225,729,30.9,463,672,68.9,289,9.6,484,391,1.24,209,7,1256,41.9,1060,35.3,6.5
Southeast Mo. St.,21-Oct,10,21,32.3,2216,71.5,2378,76.7,796,1809,44,266,719,37,358,520,68.8,182,5.9,402,447,0.9,75,2.4,1081,34.9,1135,36.6,-1.7
Eastern Ill.,14-18,14,18,43.8,2299,71.8,2457,76.8,826,1912,43.2,272,735,37,375,545,68.8,200,6.3,434,427,1.02,120,3.8,1147,35.8,1186,37.1,-1.2
Oklahoma,19-11,19,11,63.3,2153,71.8,2043,68.1,780,1749,44.6,203,590,34.4,390,567,68.8,178,5.9,385,370,1.04,98,3.3,1136,37.9,1107,36.9,1
Dayton,20-10,20,10,66.7,2200,73.3,1974,65.8,821,1629,50.4,186,559,33.3,372,541,68.8,152,5.1,494,373,1.32,72,2.4,1047,34.9,963,32.1,2.8
Massachusetts,19-Nov,11,19,36.7,2124,70.8,2192,73.1,757,1712,44.2,237,678,35,373,543,68.7,149,5,449,412,1.09,83,2.8,1047,34.9,959,32,2.9
Chattanooga,19-Dec,12,19,38.7,2204,71.1,2308,74.5,811,1830,44.3,280,776,36.1,302,440,68.6,134,4.3,405,393,1.03,77,2.5,1062,34.3,1122,36.2,-1.9
UC Irvine,26-5,26,5,83.9,2235,72.1,1967,63.5,825,1815,45.5,211,586,36,374,545,68.6,178,5.7,413,379,1.09,133,4.3,1255,40.5,1023,33,7.5
Oklahoma St.,19-Nov,11,19,36.7,2023,67.4,2138,71.3,703,1674,42,261,700,37.3,356,519,68.6,168,5.6,391,371,1.05,121,4,1030,34.3,1078,35.9,-1.6
Tulane,25-Apr,4,25,13.8,1935,66.7,2238,77.2,678,1658,40.9,199,630,31.6,380,554,68.6,136,4.7,414,443,0.93,101,3.5,1063,36.7,1119,38.6,-1.9
Mercer,19-Nov,11,19,36.7,2174,72.5,2161,72,759,1691,44.9,224,647,34.6,432,630,68.6,197,6.6,382,393,0.97,80,2.7,1031,34.4,1060,35.3,-1
New Orleans,17-12,17,12,58.6,2080,71.7,2005,69.1,754,1697,44.4,162,491,33,410,598,68.6,265,9.1,437,461,0.95,124,4.3,1026,35.4,1034,35.7,-0.3
Southern Ill.,17-15,17,15,53.1,2194,68.6,2144,67,802,1720,46.6,213,570,37.4,377,550,68.5,212,6.6,438,448,0.98,129,4,1080,33.8,1047,32.7,1
Lamar University,18-12,18,12,60,2361,78.7,2109,70.3,815,1790,45.5,206,604,34.1,525,766,68.5,266,8.9,439,440,1,91,3,1159,38.6,962,32.1,6.6
George Washington,22-Aug,8,22,26.7,1907,63.6,2150,71.7,679,1664,40.8,181,574,31.5,368,537,68.5,150,5,336,385,0.87,85,2.8,1008,33.6,1119,37.3,-3.7
Ga. Southern,20-10,20,10,66.7,2502,83.4,2265,75.5,926,1833,50.5,189,570,33.2,461,673,68.5,239,8,376,413,0.91,116,3.9,1077,35.9,1045,34.8,1.1
Marist,19-Dec,12,19,38.7,2086,67.3,2147,69.3,739,1647,44.9,245,675,36.3,363,530,68.5,172,5.5,377,388,0.97,53,1.7,967,31.2,1015,32.7,-1.5
Hawaii,17-12,17,12,58.6,2104,72.6,2004,69.1,738,1630,45.3,252,704,35.8,376,549,68.5,151,5.2,452,341,1.33,61,2.1,976,33.7,948,32.7,1
Monmouth,20-Dec,12,20,37.5,2055,64.2,2258,70.6,710,1744,40.7,153,518,29.5,482,704,68.5,219,6.8,349,468,0.75,94,2.9,1120,35,1130,35.3,-0.3
Providence,16-14,16,14,53.3,2131,71,2090,69.7,735,1757,41.8,195,605,32.2,466,681,68.4,221,7.4,431,389,1.11,116,3.9,1102,36.7,1070,35.7,1.1
Boston U.,15-18,15,18,45.5,2385,72.3,2387,72.3,922,1923,47.9,221,639,34.6,320,468,68.4,199,6,447,424,1.05,73,2.2,1091,33.1,1028,31.2,1.9
Army West Point,13-19,13,19,40.6,2268,70.9,2305,72,837,1956,42.8,272,863,31.5,322,471,68.4,198,6.2,499,376,1.33,50,1.6,1125,35.2,1174,36.7,-1.5
Sacramento St.,14-14,14,14,50,1984,70.9,1930,68.9,729,1636,44.6,148,463,32,378,553,68.4,215,7.7,388,357,1.09,92,3.3,968,34.6,961,34.3,0.3
SFA,14-15,14,15,48.3,2048,70.6,2093,72.2,727,1647,44.1,188,563,33.4,406,594,68.4,188,6.5,338,431,0.78,109,3.8,980,33.8,1008,34.8,-1
UNLV,16-13,16,13,55.2,2156,74.3,2119,73.1,747,1737,43,239,702,34,423,619,68.3,178,6.1,376,383,0.98,109,3.8,1123,38.7,969,33.4,5.3
Cleveland St.,21-Oct,10,21,32.3,2300,74.2,2437,78.6,799,1834,43.6,303,820,37,399,585,68.2,174,5.6,460,412,1.12,97,3.1,1094,35.3,1210,39,-3.7
Delaware St.,24-May,5,24,17.2,1828,63,2229,76.9,648,1827,35.5,221,743,29.7,311,456,68.2,200,6.9,308,413,0.75,62,2.1,1063,36.7,1215,41.9,-5.2
UIC,16-16,16,16,50,2391,74.7,2385,74.5,865,1883,45.9,303,856,35.4,358,525,68.2,210,6.6,478,460,1.04,124,3.9,1106,34.6,1181,36.9,-2.3
East Carolina,19-Oct,10,19,34.5,1958,67.5,2144,73.9,703,1687,41.7,143,513,27.9,409,600,68.2,217,7.5,355,392,0.91,105,3.6,1006,34.7,1080,37.2,-2.6
UMBC,19-12,19,12,61.3,2095,67.6,1972,63.6,752,1732,43.4,242,739,32.7,349,512,68.2,244,7.9,414,392,1.06,74,2.4,1045,33.7,1038,33.5,0.2
West Virginia,18-Dec,12,18,40,2185,72.8,2296,76.5,729,1764,41.3,218,699,31.2,509,747,68.1,188,6.3,391,486,0.8,108,3.6,1176,39.2,1042,34.7,4.5
Rice,13-17,13,17,43.3,2232,74.4,2321,77.4,753,1757,42.9,262,751,34.9,464,681,68.1,155,5.2,400,410,0.98,101,3.4,1157,38.6,1096,36.5,2
UConn,14-16,14,16,46.7,2229,74.3,2124,70.8,805,1811,44.5,230,667,34.5,389,571,68.1,188,6.3,379,388,0.98,133,4.4,1077,35.9,1041,34.7,1.2
Syracuse,19-11,19,11,63.3,2101,70,1958,65.3,721,1703,42.3,235,728,32.3,424,623,68.1,246,8.2,367,363,1.01,145,4.8,1055,35.2,1107,36.9,-1.7
Montana,22-8,22,8,73.3,2299,76.6,2071,69,837,1698,49.3,244,649,37.6,381,560,68,191,6.4,432,361,1.2,88,2.9,1016,33.9,932,31.1,2.8
Fordham,18-Dec,12,18,40,2001,66.7,2017,67.2,718,1771,40.5,263,788,33.4,302,444,68,180,6,343,325,1.06,97,3.2,1006,33.5,1114,37.1,-3.6
South Carolina,15-15,15,15,50,2197,73.2,2197,73.2,766,1804,42.5,227,621,36.6,438,644,68,186,6.2,393,406,0.97,136,4.5,1086,36.2,1101,36.7,-0.5
Middle Tenn.,20-Oct,10,20,33.3,2032,67.7,2196,73.2,738,1749,42.2,197,599,32.9,359,528,68,182,6.1,330,484,0.68,79,2.6,1153,38.4,1049,35,3.5
Mt. St. Mary's,22-Sep,9,22,29,2092,67.5,2286,73.7,733,1755,41.8,223,723,30.8,403,594,67.8,146,4.7,354,410,0.86,107,3.5,1036,33.4,1148,37,-3.6
Vanderbilt,21-Sep,9,21,30,2069,69,2166,72.2,696,1648,42.2,218,694,31.4,459,677,67.8,136,4.5,358,431,0.83,121,4,1080,36,1060,35.3,0.7
Houston Baptist,16-Dec,12,16,42.9,2317,82.8,2327,83.1,817,1769,46.2,184,544,33.8,499,736,67.8,221,7.9,419,426,0.98,52,1.9,1076,38.4,965,34.5,4
New Mexico St.,26-4,26,4,86.7,2328,77.6,1940,64.7,819,1798,45.6,267,821,32.5,423,624,67.8,178,5.9,436,363,1.2,75,2.5,1142,38.1,864,28.8,9.3
Ark.-Pine Bluff,18-Dec,12,18,40,1965,65.5,2153,71.8,666,1567,42.5,181,538,33.6,452,667,67.8,201,6.7,348,458,0.76,100,3.3,995,33.2,1016,33.9,-0.7
Minnesota,19-12,19,12,61.3,2206,71.2,2131,68.7,766,1757,43.6,168,518,32.4,506,747,67.7,152,4.9,454,381,1.19,129,4.2,1164,37.5,1060,34.2,3.4
St. Francis Brooklyn,17-15,17,15,53.1,2273,71,2239,70,814,1926,42.3,259,777,33.3,386,570,67.7,189,5.9,369,403,0.92,129,4,1163,36.3,1195,37.3,-1
High Point,16-15,16,15,51.6,2115,68.2,2105,67.9,763,1719,44.4,180,583,30.9,409,604,67.7,170,5.5,404,406,1,91,2.9,1183,38.2,970,31.3,6.9
Jacksonville,20-Dec,12,20,37.5,2385,74.5,2402,75.1,889,1954,45.5,213,645,33,394,582,67.7,213,6.7,457,463,0.99,166,5.2,1165,36.4,1141,35.7,0.8
Grambling,15-15,15,15,50,2157,71.9,2071,69,741,1640,45.2,200,496,40.3,475,702,67.7,181,6,374,478,0.78,132,4.4,1143,38.1,1114,37.1,1
Charleston So.,17-15,17,15,53.1,2439,76.2,2230,69.7,871,2032,42.9,317,901,35.2,380,562,67.6,252,7.9,459,414,1.11,106,3.3,1200,37.5,1156,36.1,1.4
Stanford,15-15,15,15,50,2183,72.8,2148,71.6,781,1707,45.8,200,628,31.8,421,623,67.6,179,6,381,457,0.83,138,4.6,1100,36.7,1032,34.4,2.3
South Alabama,14-16,14,16,46.7,2188,72.9,2179,72.6,770,1678,45.9,246,678,36.3,402,595,67.6,182,6.1,417,398,1.05,126,4.2,967,32.2,1061,35.4,-3.1
Western Caro.,25-Jul,7,25,21.9,2304,72,2563,80.1,792,1744,45.4,296,800,37,424,628,67.5,135,4.2,389,583,0.67,53,1.7,1135,35.5,1033,32.3,3.2
UMES,24-Jul,7,24,22.6,1779,57.4,2228,71.9,645,1649,39.1,166,583,28.5,323,479,67.4,178,5.7,352,422,0.83,70,2.3,962,31,1152,37.2,-6.1
Alabama,17-13,17,13,56.7,2182,72.7,2141,71.4,761,1704,44.7,212,629,33.7,448,665,67.4,134,4.5,372,407,0.91,145,4.8,1122,37.4,1028,34.3,3.1
Baylor,19-11,19,11,63.3,2157,71.9,1989,66.3,767,1729,44.4,239,692,34.5,384,570,67.4,186,6.2,424,398,1.07,144,4.8,1138,37.9,940,31.3,6.6
Northwestern St.,19-Nov,11,19,36.7,1988,66.3,2210,73.7,705,1724,40.9,186,624,29.8,392,582,67.4,186,6.2,332,488,0.68,134,4.5,1067,35.6,1163,38.8,-3.2
Air Force,13-16,13,16,44.8,1990,68.6,2082,71.8,736,1616,45.5,211,632,33.4,307,456,67.3,142,4.9,389,385,1.01,51,1.8,976,33.7,973,33.6,0.1
Bowling Green,20-11,20,11,64.5,2425,78.2,2256,72.8,857,1944,44.1,248,697,35.6,463,688,67.3,211,6.8,400,377,1.06,83,2.7,1279,41.3,1115,36,5.3
Texas Southern,19-11,19,11,63.3,2396,79.9,2330,77.7,828,1862,44.5,226,701,32.2,514,764,67.3,241,8,458,453,1.01,90,3,1171,39,1161,38.7,0.3
Central Mich.,21-10,21,10,67.7,2559,82.5,2357,76,872,1924,45.3,264,717,36.8,551,820,67.2,241,7.8,406,388,1.05,101,3.3,1182,38.1,1158,37.4,0.8
Northern Ky.,24-8,24,8,75,2549,79.7,2209,69,901,1863,48.4,283,779,36.3,464,691,67.1,199,6.2,544,405,1.34,125,3.9,1183,37,1030,32.2,4.8
North Texas,20-10,20,10,66.7,2122,70.7,1880,62.7,769,1733,44.4,259,753,34.4,325,484,67.1,197,6.6,383,391,0.98,71,2.4,1117,37.2,988,32.9,4.3
Rhode Island,15-14,15,14,51.7,1997,68.9,1969,67.9,712,1688,42.2,153,556,27.5,420,626,67.1,211,7.3,347,362,0.96,118,4.1,1060,36.6,1003,34.6,2
Siena,16-15,16,15,51.6,1987,64.1,2024,65.3,722,1677,43.1,268,800,33.5,275,410,67.1,182,5.9,385,304,1.27,87,2.8,919,29.6,1038,33.5,-3.8
Portland,25-Jul,7,25,21.9,2078,64.9,2389,74.7,707,1708,41.4,216,664,32.5,448,668,67.1,175,5.5,369,425,0.87,123,3.8,1033,32.3,1197,37.4,-5.1
Chicago St.,27-Mar,3,27,10,1860,62,2548,84.9,680,1653,41.1,136,446,30.5,364,543,67,181,6,361,482,0.75,64,2.1,938,31.3,1164,38.8,-7.5
Kansas St.,23-7,23,7,76.7,1975,65.8,1778,59.3,710,1636,43.4,208,613,33.9,347,518,67,221,7.4,411,349,1.18,66,2.2,999,33.3,950,31.7,1.6
Alcorn,19-Oct,10,19,34.5,1865,64.3,2010,69.3,665,1618,41.1,201,618,32.5,334,499,66.9,222,7.7,371,453,0.82,99,3.4,1018,35.1,1014,35,0.1
Savannah St.,19-Nov,11,19,36.7,2293,76.4,2623,87.4,805,2014,40,343,1164,29.5,340,508,66.9,225,7.5,450,463,0.97,88,2.9,1136,37.9,1337,44.6,-6.7
FGCU,14-18,14,18,43.8,2280,71.3,2360,73.8,809,1787,45.3,269,724,37.2,393,588,66.8,219,6.8,449,481,0.93,133,4.2,1061,33.2,1136,35.5,-2.3
Arizona St.,20-9,20,9,69,2260,77.9,2123,73.2,774,1736,44.6,213,630,33.8,499,747,66.8,181,6.2,398,394,1.01,90,3.1,1169,40.3,1027,35.4,4.9
Holy Cross,16-17,16,17,48.5,2216,67.2,2296,69.6,848,1834,46.2,237,670,35.4,283,424,66.7,241,7.3,513,350,1.47,127,3.8,916,27.8,1190,36.1,-8.3
Loyola Chicago,20-12,20,12,62.5,2119,66.2,1943,60.7,785,1576,49.8,192,526,36.5,357,535,66.7,203,6.3,438,386,1.13,73,2.3,955,29.8,915,28.6,1.3
Prairie View,18-12,18,12,60,2194,73.1,2178,72.6,762,1766,43.1,182,591,30.8,488,733,66.6,252,8.4,378,390,0.97,48,1.6,992,33.1,1138,37.9,-4.9
ETSU,23-8,23,8,74.2,2473,79.8,2124,68.5,921,1882,48.9,247,684,36.1,384,577,66.6,230,7.4,492,443,1.11,120,3.9,1249,40.3,905,29.2,11.1
CSU Bakersfield,16-13,16,13,55.2,2080,71.7,2046,70.6,765,1779,43,203,613,33.1,347,522,66.5,191,6.6,347,381,0.91,92,3.2,1080,37.2,936,32.3,5
UAB,17-13,17,13,56.7,2114,70.5,2039,68,785,1730,45.4,205,607,33.8,339,510,66.5,193,6.4,360,346,1.04,71,2.4,1096,36.5,985,32.8,3.7
Texas St.,23-7,23,7,76.7,2191,73,1910,63.7,787,1739,45.3,225,663,33.9,392,590,66.4,206,6.9,450,397,1.13,69,2.3,1133,37.8,956,31.9,5.9
N.C. A&T,17-12,17,12,58.6,2022,69.7,2013,69.4,745,1614,46.2,204,592,34.5,328,494,66.4,194,6.7,409,386,1.06,95,3.3,946,32.6,1045,36,-3.4
UTEP,20-Aug,8,20,28.6,1812,64.7,1953,69.8,623,1535,40.6,193,592,32.6,373,562,66.4,129,4.6,300,458,0.66,81,2.9,1032,36.9,1011,36.1,0.8
Richmond,18-Dec,12,18,40,2125,70.8,2139,71.3,777,1625,47.8,230,660,34.8,341,514,66.3,233,7.8,470,317,1.48,88,2.9,870,29,1055,35.2,-6.2
Louisiana Tech,19-12,19,12,61.3,2273,73.3,2122,68.5,800,1823,43.9,241,715,33.7,432,652,66.3,180,5.8,418,363,1.15,112,3.6,1138,36.7,1104,35.6,1.1
William & Mary,14-16,14,16,46.7,2242,74.7,2300,76.7,815,1721,47.4,245,710,34.5,367,554,66.2,154,5.1,511,385,1.33,141,4.7,1031,34.4,1031,34.4,0
Southern U.,24-Jun,6,24,20,1920,64,2203,73.4,698,1597,43.7,161,500,32.2,363,548,66.2,206,6.9,342,484,0.71,76,2.5,915,30.5,989,33,-2.5
San Jose St.,25-Apr,4,25,13.8,1905,65.7,2326,80.2,666,1656,40.2,189,585,32.3,384,581,66.1,124,4.3,395,456,0.87,48,1.7,1078,37.2,1066,36.8,0.4
Alabama St.,17-Nov,11,17,39.3,1892,67.6,2024,72.3,646,1598,40.4,200,620,32.3,400,606,66,182,6.5,283,412,0.69,95,3.4,991,35.4,1028,36.7,-1.3
Little Rock,20-Oct,10,20,33.3,2239,74.6,2274,75.8,796,1640,48.5,199,563,35.3,448,679,66,168,5.6,433,490,0.88,86,2.9,1032,34.4,1029,34.3,0.1
Mississippi Val.,25-Jun,6,25,19.4,2001,64.5,2407,77.6,709,1861,38.1,169,541,31.2,414,628,65.9,173,5.6,351,400,0.88,69,2.2,1134,36.6,1243,40.1,-3.5
Coppin St.,24-Jul,7,24,22.6,1958,63.2,2354,75.9,664,1727,38.4,222,795,27.9,408,619,65.9,165,5.3,295,516,0.57,102,3.3,1127,36.4,1199,38.7,-2.3
Arkansas,16-14,16,14,53.3,2283,76.1,2187,72.9,799,1781,44.9,228,668,34.1,457,694,65.9,245,8.2,487,404,1.21,147,4.9,1011,33.7,1149,38.3,-4.6
San Francisco,21-9,21,9,70,2286,76.2,2012,67.1,837,1788,46.8,252,704,35.8,360,547,65.8,182,6.1,427,306,1.4,101,3.4,1098,36.6,1005,33.5,3.1
Georgia St.,21-9,21,9,70,2321,77.4,2212,73.7,817,1742,46.9,301,765,39.3,386,588,65.6,242,8.1,381,351,1.09,139,4.6,969,32.3,1155,38.5,-6.2
Indiana,16-14,16,14,53.3,2125,70.8,2017,67.2,780,1705,45.7,178,570,31.2,387,591,65.5,194,6.5,396,381,1.04,133,4.4,1088,36.3,1044,34.8,1.5
Old Dominion,23-7,23,7,76.7,2020,67.3,1834,61.1,721,1733,41.6,236,661,35.7,342,523,65.4,175,5.8,390,354,1.1,136,4.5,1184,39.5,1021,34,5.4
Binghamton,22-Sep,9,22,29,2023,65.3,2220,71.6,745,1734,43,256,740,34.6,277,426,65,173,5.6,309,386,0.8,143,4.6,1001,32.3,1191,38.4,-6.1
Southern Miss.,18-11,18,11,62.1,2104,72.6,1877,64.7,797,1704,46.8,228,603,37.8,282,436,64.7,231,8,492,298,1.65,98,3.4,1038,35.8,1042,35.9,-0.1
Wisconsin,21-9,21,9,70,2085,69.5,1831,61,779,1702,45.8,219,583,37.6,308,477,64.6,158,5.3,382,284,1.35,126,4.2,1049,35,1057,35.2,-0.3
Cal Poly,22-Jun,6,22,21.4,1848,66,2091,74.7,679,1652,41.1,216,663,32.6,274,425,64.5,141,5,291,326,0.89,94,3.4,942,33.6,1065,38,-4.4
Maine,26-May,5,26,16.1,1931,62.3,2198,70.9,727,1685,43.1,194,631,30.7,283,439,64.5,236,7.6,461,447,1.03,93,3,994,32.1,1034,33.4,-1.3
Southern California,15-15,15,15,50,2298,76.6,2189,73,855,1855,46.1,255,666,38.3,333,518,64.3,184,6.1,501,356,1.41,101,3.4,1085,36.2,1137,37.9,-1.7
UCF,23-6,23,6,79.3,2119,73.1,1847,63.7,726,1544,47,196,551,35.6,471,734,64.2,167,5.8,392,335,1.17,133,4.6,1071,36.9,1005,34.7,2.3
Penn,18-11,18,11,62.1,2134,73.6,2000,69,775,1700,45.6,268,753,35.6,316,494,64,192,6.6,445,370,1.2,72,2.5,1040,35.9,1034,35.7,0.2
FIU,18-12,18,12,60,2513,83.8,2426,80.9,888,2002,44.4,258,837,30.8,479,749,64,317,10.6,448,423,1.06,135,4.5,1086,36.2,1289,43,-6.8
South Fla.,19-11,19,11,63.3,2168,72.3,1987,66.2,716,1658,43.2,208,630,33,528,828,63.8,240,8,413,489,0.84,98,3.3,1173,39.1,954,31.8,7.3
CSUN,13-18,13,18,41.9,2375,76.6,2452,79.1,884,1897,46.6,216,592,36.5,391,617,63.4,199,6.4,470,390,1.21,140,4.5,1103,35.6,1187,38.3,-2.7
Eastern Mich.,15-16,15,16,48.4,2160,69.7,2152,69.4,803,1772,45.3,182,613,29.7,372,588,63.3,231,7.5,361,430,0.84,139,4.5,1124,36.3,1065,34.4,1.9
Ohio,14-16,14,16,46.7,2113,70.4,2208,73.6,782,1784,43.8,185,615,30.1,364,576,63.2,197,6.6,441,437,1.01,114,3.8,1118,37.3,1091,36.4,0.9
Tennessee Tech,23-Aug,8,23,25.8,2104,67.9,2350,75.8,742,1784,41.6,213,620,34.4,407,645,63.1,226,7.3,389,517,0.75,134,4.3,1122,36.2,1200,38.7,-2.5
UCLA,16-14,16,14,53.3,2348,78.3,2320,77.3,841,1836,45.8,233,660,35.3,433,688,62.9,180,6,444,431,1.03,122,4.1,1236,41.2,1095,36.5,4.7
Rutgers,14-15,14,15,48.3,1971,68,1975,68.1,724,1739,41.6,183,582,31.4,340,543,62.6,192,6.6,363,374,0.97,118,4.1,1137,39.2,1025,35.3,3.9
Jackson St.,18-Dec,12,18,40,1843,61.4,1979,66,676,1672,40.4,147,528,27.8,344,553,62.2,193,6.4,332,415,0.8,113,3.8,1055,35.2,1034,34.5,0.7
Alabama A&M,26-May,5,26,16.1,1880,60.6,2219,71.6,713,1740,41,178,559,31.8,276,444,62.2,228,7.4,373,479,0.78,49,1.6,989,31.9,1119,36.1,-4.2
Florida A&M,19-Dec,12,19,38.7,1927,62.2,2057,66.4,719,1640,43.8,180,489,36.8,309,503,61.4,226,7.3,355,498,0.71,111,3.6,995,32.1,1084,35,-2.9
Rider,16-14,16,14,53.3,2300,76.7,2246,74.9,816,1826,44.7,215,628,34.2,453,738,61.4,277,9.2,439,406,1.08,99,3.3,1113,37.1,1102,36.7,0.4
Bethune-Cookman,14-16,14,16,46.7,2219,74,2165,72.2,806,1830,44,197,609,32.3,410,669,61.3,223,7.4,430,478,0.9,108,3.6,1228,40.9,1131,37.7,3.2
New Hampshire,24-May,5,24,17.2,1742,60.1,1990,68.6,623,1656,37.6,261,787,33.2,235,385,61,116,4,325,356,0.91,53,1.8,987,34,1080,37.2,-3.2
Saint Louis,19-11,19,11,63.3,2033,67.8,1945,64.8,716,1711,41.8,172,561,30.7,429,716,59.9,227,7.6,392,400,0.98,123,4.1,1191,39.7,1007,33.6,6.1
Manhattan,21-Nov,11,21,34.4,1833,57.3,2011,62.8,651,1608,40.5,219,661,33.1,312,534,58.4,221,6.9,360,490,0.73,78,2.4,995,31.1,1033,32.3,-1.2
California Baptist,16-13,16,13,55.2,2285,78.8,2110,72.8,793,1746,45.4,274,747,36.7,425,543,78.3,142,4.9,332,359,0.92,81,2.8,1095,37.8,1006,34.7,3.1
North Ala.,22-Oct,10,22,31.3,2145,67,2358,73.7,744,1914,38.9,240,805,29.8,417,619,67.4,209,6.5,334,437,0.76,74,2.3,1171,36.6,1200,37.5,-0.9