Seed,team_market,team_name,team_id,total_games_played,total_minutes_played,total_field_goals_made,total_field_goals_att,total_field_goals_pct,total_two_points_made,total_two_points_att,total_two_points_pct,total_three_points_made,total_three_points_att,total_three_points_pct,total_blocked_att,total_free_throws_made,total_free_throws_att,total_free_throws_pct,total_offensive_rebounds,total_defensive_rebounds,total_rebounds,total_assists,total_turnovers,total_assists_turnover_ratio,total_steals,total_blocks,total_personal_fouls,total_tech_fouls,total_points,total_fast_break_pts,total_flagrant_fouls,total_points_off_turnovers,total_second_chance_pts,total_ejections,total_foulouts,total_points_in_paint,total_efficiency,total_true_shooting_att,total_true_shooting_pct,average_fast_break_pts,average_points_off_turnovers,average_second_chance_pts,average_minutes,average_points,average_off_rebounds,average_def_rebounds,average_rebounds,average_assists,average_steals,average_blocks,average_turnovers,average_personal_fouls,average_flagrant_fouls,average_blocked_att,average_field_goals_made,average_field_goals_att,average_three_points_made,average_three_points_att,average_free_throws_made,average_free_throws_att,average_two_points_made,average_two_points_att,average_points_in_paint,average_efficiency,average_true_shooting_att,Currentcoach,Month,birth_year,Since,M_D_DOB,Sign,ChineseZodiac,Age,season_year
S4,Arizona,Wildcats,9b166a3f-e64b-4825-bb6b-92c6f0418263,31,6250,771,1804,1127,541,6250,0.48,230,677,0.34,118,432,601,0.719,258,714,972,386,358,1.08,162,67,578,4,2204,328,1,427,283,0,15,936,2231,2068.44,0.533,10.58,13.77,9.13,201.6,71.1,8.32,23.03,31.35,12.5,5.23,2.16,11.55,18.65,0.03,3.81,24.87,58.19,7.42,21.84,13.94,19.39,17.45,36.35,30.19,71.97,66.72,Sean Miller,11,1968,2009–10,1117,Scorpio,Monkey,51,2018
E12,Murray State,Racers,77a69fb0-1355-4342-ac09-b4cc7949d95e,31,6200,938,1890,1195,696,6200,0.582,242,695,0.348,34,464,629,0.738,304,800,1104,560,373,1.5,235,142,506,6,2582,518,0,570,370,0,3,1262,3133,2166.76,0.596,16.71,18.39,11.94,200,83.3,9.81,25.81,35.61,18.1,7.58,4.58,12.03,16.32,0,1.1,30.26,60.97,7.81,22.42,14.97,20.29,22.45,38.55,40.71,101.06,69.9,Matt McMahon,4,1978,2015–16,426,Taurus,Horse,41,2018
S11,Loyola (IL),Ramblers,61a3908a-7492-4b6f-809e-12c61976bb0a,33,6600,805,1632,1083,604,6600,0.558,201,549,0.366,124,359,539,0.666,162,762,924,448,393,1.14,212,73,457,0,2170,158,3,498,197,0,2,1065,2427,1869.16,0.58,4.79,15.09,5.97,200,65.8,4.91,23.09,28,13.6,6.42,2.21,11.91,13.85,0.09,3.76,24.39,49.45,6.09,16.64,10.88,16.33,18.3,32.82,32.27,73.55,56.64,Porter Moser,8,1968,2011–12,824,Virgo,Monkey,51,2018
S10,Texas,Longhorns,6ed15092-2670-450a-99c2-61d861e87644,31,6250,781,1793,1019,517,6250,0.507,264,774,0.341,107,381,534,0.713,281,697,978,397,343,1.16,186,127,521,3,2207,164,1,434,312,0,8,928,2387,2027.96,0.544,5.29,14,10.06,201.6,71.2,9.06,22.48,31.55,12.8,6,4.1,11.06,16.81,0.03,3.45,25.19,57.84,8.52,24.97,12.29,17.23,16.68,32.87,29.94,77,65.42,Shaka Smart,4,1977,2015–16,408,Aries,Snake,42,2018
M10,Oklahoma,Sooners,b2fda957-e15c-4fb2-8a13-6e58496f561e,31,6225,802,1802,1195,594,6225,0.497,208,607,0.343,114,394,573,0.688,238,802,1040,394,382,1.03,184,98,489,3,2206,201,8,424,235,1,8,1001,2361,2054.12,0.537,6.48,13.68,7.58,200.8,71.2,7.68,25.87,33.55,12.7,5.94,3.16,12.32,15.77,0.26,3.68,25.87,58.13,6.71,19.58,12.71,18.48,19.16,38.55,32.29,76.16,66.26,Lon Kruger,8,1952,2011–12,819,Leo,Dragon,67,2018
S9,Kansas State,Wildcats,d203f38a-a166-4258-bca2-e161b591ecfb,31,6200,736,1693,1052,519,6200,0.493,217,641,0.339,86,354,535,0.662,249,705,954,426,358,1.19,233,68,503,4,2043,230,1,532,275,0,9,758,2228,1928.4,0.53,7.42,17.16,8.87,200,65.9,8.03,22.74,30.77,13.7,7.52,2.19,11.55,16.23,0.03,2.77,23.74,54.61,7,20.68,11.42,17.26,16.74,33.94,24.45,71.87,62.21,Bruce Weber,10,1956,2012–13,1019,Libra,Monkey,63,2018
E5,West Virginia,Mountaineers,f770d3a2-221c-49ce-9c7a-680f7417fe9e,31,6300,758,1828,1101,527,6300,0.479,231,727,0.318,114,515,756,0.681,377,717,1094,406,498,0.82,190,108,640,16,2262,181,7,424,465,1,19,853,2251,2160.64,0.523,5.84,13.68,15,203.2,73,12.16,23.13,35.29,13.1,6.13,3.48,16.06,20.65,0.23,3.68,24.45,58.97,7.45,23.45,16.61,24.39,17,35.52,27.52,72.61,69.7,Bob Huggins,9,1953,2007–08,921,Virgo,Snake,66,2018
M6,TCU,Horned Frogs,f7fcbb6e-4a55-41ea-ba21-f763ed914467,31,6300,836,1828,1145,597,6300,0.521,239,683,0.35,118,400,580,0.69,288,746,1034,505,420,1.2,219,136,502,3,2311,271,3,492,307,0,9,1038,2613,2083.2,0.555,8.74,15.87,9.9,203.2,74.5,9.29,24.06,33.35,16.3,7.06,4.39,13.55,16.19,0.1,3.81,26.97,58.97,7.71,22.03,12.9,18.71,19.26,36.94,33.48,84.29,67.2,Jamie Dixon,11,1965,2016–17,1110,Scorpio,Snake,54,2018
E3,Texas Tech,Red Raiders,f8c705b7-87d3-411a-9c8b-5124daab0469,31,6225,811,1718,1105,585,6225,0.529,226,613,0.369,76,417,577,0.723,248,745,993,419,381,1.1,221,151,550,2,2265,180,2,544,276,0,9,917,2601,1971.88,0.574,5.81,17.55,8.9,200.8,73.1,8,24.03,32.03,13.5,7.13,4.87,12.29,17.74,0.06,2.45,26.16,55.42,7.29,19.77,13.45,18.61,18.87,35.65,29.58,83.9,63.61,Chris Beard,2,1973,2016–17,218,Aquarius,Ox,46,2018
M1,Kansas,Jayhawks,fae4855b-1b64-4b40-a632-9ed345e1e952,31,6275,844,1820,1166,612,6275,0.525,232,654,0.355,103,424,610,0.695,282,803,1085,416,415,1,211,116,531,3,2344,265,4,478,334,0,11,1050,2595,2088.4,0.561,8.55,15.42,10.77,202.4,75.6,9.1,25.9,35,13.4,6.81,3.74,13.39,17.13,0.13,3.32,27.23,58.71,7.48,21.1,13.68,19.68,19.74,37.61,33.87,83.71,67.37,Bill Self,12,1962,2003–04,1227,Capricorn,Tiger,57,2018
S15,Georgia State,Panthers,94ea835b-8ce9-4de2-a5b1-971548fea974,31,6200,848,1804,1016,538,6200,0.53,310,788,0.393,23,405,617,0.656,220,702,922,393,358,1.1,249,146,538,14,2411,309,0,540,266,0,0,970,2595,2075.48,0.581,9.97,17.42,8.58,200,77.8,7.1,22.65,29.74,12.7,8.03,4.71,11.55,17.35,0,0.74,27.35,58.19,10,25.42,13.06,19.9,17.35,32.77,31.29,83.71,66.95,Ron Hunter,4,1964,2011–12,407,Aries,Dragon,55,2018
W14,Montana,Grizzlies,e3848467-66c0-41e5-8283-02e3586d8601,31,6225,866,1746,1076,611,6225,0.568,255,670,0.381,6,398,580,0.686,218,724,942,452,375,1.21,203,91,585,9,2385,140,0,483,277,0,1,1030,2636,2001.2,0.596,4.52,15.58,8.94,200.8,76.9,7.03,23.35,30.39,14.6,6.55,2.94,12.1,18.87,0,0.19,27.94,56.32,8.23,21.61,12.84,18.71,19.71,34.71,33.23,85.03,64.55,Travis DeCuire,11,1970,2014–15,1121,Scorpio,Dog,49,2018
W6,Houston,Cougars,1f99a164-d593-4d81-85d5-0d7889d6f486,31,6200,830,1842,1046,540,6200,0.516,290,796,0.364,60,419,589,0.711,331,810,1141,469,360,1.3,204,136,585,10,2369,434,2,491,375,0,11,882,2777,2101.16,0.564,14,15.84,12.1,200,76.4,10.68,26.13,36.81,15.1,6.58,4.39,11.61,18.87,0.06,1.94,26.77,59.42,9.35,25.68,13.52,19,17.42,33.74,28.45,89.58,67.78,Kelvin Sampson,10,1955,2014–15,1005,Libra,Goat,64,2018
S2,Cincinnati,Bearcats,a17dfc54-415f-49c3-a2e6-d6fa9db18b0a,31,6250,766,1778,1184,561,6250,0.474,205,594,0.345,117,484,680,0.712,331,692,1023,423,333,1.27,199,140,507,7,2221,280,1,468,430,0,7,836,2465,2077.2,0.535,9.03,15.1,13.87,201.6,71.6,10.68,22.32,33,13.6,6.42,4.52,10.74,16.35,0.03,3.77,24.71,57.35,6.61,19.16,15.61,21.94,18.1,38.19,26.97,79.52,67.01,Mick Cronin,7,1971,2006–07,717,Cancer,Pig,48,2018
E4,Wichita State,Shockers,f38b58de-3273-4723-a78b-2f918e9aa2d5,30,6025,760,1857,1134,534,6025,0.471,226,723,0.313,116,371,521,0.712,307,724,1031,415,360,1.15,141,100,586,3,2117,199,3,392,380,0,8,828,2197,2086.24,0.507,6.63,13.07,12.67,200.8,70.6,10.23,24.13,34.37,13.8,4.7,3.33,12,19.53,0.1,3.87,25.33,61.9,7.53,24.1,12.37,17.37,17.8,37.8,27.6,73.23,69.54,Gregg Marshall,2,1963,2007–08,227,Pisces,Rabbit,56,2018
W13,UNC Greensboro,Spartans,612f7f66-1de1-4d42-b842-9a508daab911,34,6825,940,2059,1296,677,6825,0.522,263,763,0.345,17,442,632,0.699,337,744,1081,435,402,1.08,301,131,599,5,2585,305,0,526,318,0,5,1020,2822,2337.08,0.553,8.97,15.47,9.35,200.7,76,9.91,21.88,31.79,12.8,8.85,3.85,11.82,17.62,0,0.5,27.65,60.56,7.74,22.44,13,18.59,19.91,38.12,30,83,68.74,Wes Miller,1,1983,2011–12,128,Aquarius,Pig,36,2018
W12,South Dakota State,Jackrabbits,6ef40534-5fad-4755-84de-7dcbd645d1f0,32,6400,957,1901,1125,639,6400,0.568,318,776,0.41,15,484,624,0.776,202,921,1123,476,379,1.26,199,63,537,1,2716,174,0,447,280,0,3,1148,3114,2175.56,0.624,5.44,13.97,8.75,200,84.9,6.31,28.78,35.09,14.9,6.22,1.97,11.84,16.78,0,0.47,29.91,59.41,9.94,24.25,15.13,19.5,19.97,35.16,35.88,97.31,67.99,T. J. Otzelberger,9,1977,2016–17,917,Virgo,Snake,42,2018
E15,Cal State Fullerton,Titans,c009914b-3303-4dee-b915-978aa48a31d0,30,6100,780,1706,1182,610,6100,0.516,170,524,0.324,26,446,638,0.699,211,790,1001,379,399,0.95,175,98,566,10,2176,276,1,381,240,0,8,1052,2312,1986.72,0.548,9.2,12.7,8,203.3,72.5,7.03,26.33,33.37,12.6,5.83,3.27,13.3,18.87,0.03,0.87,26,56.87,5.67,17.47,14.87,21.27,20.33,39.4,35.07,77.07,66.22,Dedrique Taylor,5,1974,2013–14,501,Taurus,Tiger,45,2018
E13,Marshall,Thundering Herd,58d8baa3-7624-4b21-a47f-a23df2bf8859,31,6275,872,1986,1095,570,6275,0.521,302,891,0.339,22,446,614,0.726,239,706,945,436,388,1.12,285,142,567,12,2492,263,0,558,298,0,2,993,2630,2256.16,0.552,8.48,18,9.61,202.4,80.4,7.71,22.77,30.48,14.1,9.19,4.58,12.52,18.29,0,0.71,28.13,64.06,9.74,28.74,14.39,19.81,18.39,35.32,32.03,84.84,72.78,Dan D'Antoni,7,1947,2014–15,709,Cancer,Pig,72,2018
M12,New Mexico State,Aggies,5016fe1a-9571-4d10-bf5b-b9c1b496bd57,31,6225,846,1858,1008,566,6225,0.562,280,850,0.329,14,431,639,0.674,382,764,1146,455,369,1.23,180,80,562,6,2403,317,0,460,428,0,0,1008,2675,2139.16,0.562,10.23,14.84,13.81,200.8,77.5,12.32,24.65,36.97,14.7,5.81,2.58,11.9,18.13,0,0.45,27.29,59.94,9.03,27.42,13.9,20.61,18.26,32.52,32.52,86.29,69.01,Chris Jans,4,1969,2017–18,412,Aries,Rooster,50,2018
E14,Stephen F. Austin,Lumberjacks,5ef64f01-86ae-4553-9834-c79cc0859eaf,30,6050,745,1696,1108,544,6050,0.491,201,588,0.342,15,414,607,0.682,262,648,910,348,440,0.79,192,113,579,9,2105,249,0,457,289,0,1,880,2084,1963.08,0.536,8.3,15.23,9.63,201.7,70.2,8.73,21.6,30.33,11.6,6.4,3.77,14.67,19.3,0,0.5,24.83,56.53,6.7,19.6,13.8,20.23,18.13,36.93,29.33,69.47,65.44,Kyle Keller,1,1968,2016–17,116,Capricorn,Monkey,51,2018
W16,Texas Southern,Tigers,eb157f98-0697-459c-9293-ddb162ceb28b,31,6225,852,1918,1199,621,6225,0.518,231,719,0.321,45,538,798,0.674,339,781,1120,472,469,1.01,250,92,547,7,2473,197,0,526,365,0,4,1104,2612,2269.12,0.545,6.35,16.97,11.77,200.8,79.8,10.94,25.19,36.13,15.2,8.06,2.97,15.13,17.65,0,1.45,27.48,61.87,7.45,23.19,17.35,25.74,20.03,38.68,35.61,84.26,73.2,Johnny Jones,3,1961,2018–19,330,Aries,Ox,58,2018
E8,Virginia Tech,Hokies,324ccccc-575b-4b82-acb0-fbb8e68da13b,30,6025,771,1620,887,479,6025,0.54,292,733,0.398,90,400,525,0.762,228,658,886,463,345,1.34,202,68,462,6,2234,307,5,499,286,0,11,848,2534,1851,0.603,10.23,16.63,9.53,200.8,74.5,7.6,21.93,29.53,15.4,6.73,2.27,11.5,15.4,0.17,3,25.7,54,9.73,24.43,13.33,17.5,15.97,29.57,28.27,84.47,61.7,Buzz Williams,9,1972,2014–15,901,Virgo,Rat,47,2018
M9,North Carolina State,Wolfpack,52df1e19-b142-4a76-a439-ad68455d0581,31,6250,922,2002,1282,662,6250,0.516,260,720,0.361,127,408,572,0.713,354,731,1085,485,402,1.21,236,118,611,3,2512,406,3,535,416,1,10,1084,2790,2253.68,0.557,13.1,17.26,13.42,201.6,81,11.42,23.58,35,15.6,7.61,3.81,12.97,19.71,0.1,4.1,29.74,64.58,8.39,23.23,13.16,18.45,21.35,41.35,34.97,90,72.7,Kevin Keatts,7,1972,2017–18,728,Leo,Rat,47,2018
S1,Virginia,Cavaliers,56913910-87f7-4ad7-ae3b-5cd9fb218fd9,30,6025,773,1614,996,517,6025,0.519,256,618,0.414,82,362,485,0.746,233,750,983,438,272,1.61,169,119,433,2,2164,144,1,386,324,0,3,844,2637,1827.4,0.592,4.8,12.87,10.8,200.8,72.1,7.77,25,32.77,14.6,5.63,3.97,9.07,14.43,0.03,2.73,25.77,53.8,8.53,20.6,12.07,16.17,17.23,33.2,28.13,87.9,60.91,Tony Bennett,6,1969,2009–10,601,Gemini,Rooster,50,2018
S6,Miami (FL),Hurricanes,7aec5187-cb1b-45e5-8f7d-406d766cdc73,30,6025,759,1741,981,506,6025,0.516,253,760,0.333,86,391,531,0.736,239,677,916,391,352,1.11,202,97,438,3,2162,221,1,419,295,0,5,870,2294,1974.64,0.547,7.37,13.97,9.83,200.8,72.1,7.97,22.57,30.53,13,6.73,3.23,11.73,14.6,0.03,2.87,25.3,58.03,8.43,25.33,13.03,17.7,16.87,32.7,29,76.47,65.82,Jim Larrañaga,10,1949,2011–12,1002,Libra,Ox,70,2018
M11,Syracuse,Orange,8cd24de1-2be8-4b77-bcfa-47be0495a5f4,31,6225,739,1750,1004,498,6225,0.496,241,746,0.323,98,437,640,0.683,276,691,967,375,381,0.98,254,149,537,3,2156,245,3,569,300,0,17,763,2306,2031.6,0.531,7.9,18.35,9.68,200.8,69.5,8.9,22.29,31.19,12.1,8.19,4.81,12.29,17.32,0.1,3.16,23.84,56.45,7.77,24.06,14.1,20.65,16.06,32.39,24.61,74.39,65.54,Jim Boeheim,11,1944,1976–77,1117,Scorpio,Monkey,75,2018
W9,Florida State,Seminoles,d3c8a767-b6fc-45d4-a5f2-18406f2993f1,31,6275,811,1818,1125,582,6275,0.517,229,693,0.33,91,499,679,0.735,319,758,1077,406,417,0.97,224,134,602,7,2350,295,6,513,367,0,9,1034,2587,2116.76,0.555,9.52,16.55,11.84,202.4,75.8,10.29,24.45,34.74,13.1,7.23,4.32,13.45,19.42,0.19,2.94,26.16,58.65,7.39,22.35,16.1,21.9,18.77,36.29,33.35,83.45,68.28,Leonard Hamilton,8,1948,2002–03,804,Leo,Rat,71,2018
M5,Clemson,Tigers,dcf5c2e7-c227-4c20-af26-715d5f859412,31,6200,769,1686,1080,571,6200,0.529,198,606,0.327,89,415,564,0.736,239,774,1013,382,415,0.92,205,136,513,3,2151,178,6,476,296,0,12,852,2406,1934.16,0.556,5.74,15.35,9.55,200,69.4,7.71,24.97,32.68,12.3,6.61,4.39,13.39,16.55,0.19,2.87,24.81,54.39,6.39,19.55,13.39,18.19,18.42,34.84,27.48,77.61,62.39,Brad Brownell,11,1968,2010–11,1115,Scorpio,Monkey,51,2018
W2,North Carolina,Tar Heels,e9ca48b2-00ba-41c0-a02b-6885a2da1ff1,31,6225,964,2069,1324,686,6225,0.518,278,745,0.373,148,478,645,0.741,349,904,1253,598,414,1.44,227,113,534,0,2684,393,3,528,459,0,5,1106,3189,2352.8,0.57,12.68,17.03,14.81,200.8,86.6,11.26,29.16,40.42,19.3,7.32,3.65,13.35,17.23,0.1,4.77,31.1,66.74,8.97,24.03,15.42,20.81,22.13,42.71,35.68,102.87,75.9,Roy Williams,8,1950,2003–04,801,Leo,Tiger,69,2018
M2,Duke,Blue Devils,faeb1160-5d15-4f26-99fc-c441cf21fc7f,31,6225,950,1999,1238,717,6225,0.579,233,761,0.306,102,475,689,0.689,385,845,1230,499,404,1.24,294,216,489,2,2608,513,0,583,438,0,6,1294,3180,2302.16,0.566,16.55,18.81,14.13,200.8,84.1,12.42,27.26,39.68,16.1,9.48,6.97,13.03,15.77,0,3.29,30.65,64.48,7.52,24.55,15.32,22.23,23.13,39.94,41.74,102.58,74.26,Mike Krzyzewski,2,1947,1980–81,213,Aquarius,Pig,72,2018
W15,Lipscomb,Bisons,a2b8223d-40b3-4076-b5df-55655c2f8591,32,6400,930,1926,1171,650,6400,0.555,280,755,0.371,23,530,705,0.752,254,863,1117,555,424,1.31,241,88,556,7,2670,203,0,585,320,0,1,1186,3076,2236.2,0.597,6.34,18.28,10,200,83.4,7.94,26.97,34.91,17.3,7.53,2.75,13.25,17.38,0,0.72,29.06,60.19,8.75,23.59,16.56,22.03,20.31,36.59,37.06,96.13,69.88,Casey Alexander,6,1972,2013–14,608,Gemini,Rat,47,2018
M14,Bucknell,Bison,98d2123a-c7b9-4b5f-8a81-43f76d8537dc,32,6425,843,1873,1019,545,6425,0.535,298,854,0.349,24,470,628,0.748,238,813,1051,503,396,1.27,169,115,603,5,2454,183,3,406,308,0,4,944,2708,2149.32,0.571,5.72,12.69,9.63,200.8,76.7,7.44,25.41,32.84,15.7,5.28,3.59,12.38,18.84,0.09,0.75,26.34,58.53,9.31,26.69,14.69,19.63,17.03,31.84,29.5,84.63,67.17,Nathan Davis,3,1974,2015–16,325,Aries,Tiger,45,2018
E16,Radford,Highlanders,f2cf9ba2-ac8c-4d92-8e7a-48dd88e8f40b,33,6650,893,1937,1187,608,6650,0.512,285,750,0.38,32,369,515,0.717,290,791,1081,467,358,1.3,196,101,528,9,2440,222,0,462,321,0,2,942,2737,2163.6,0.564,6.73,14,9.73,201.5,73.9,8.79,23.97,32.76,14.2,5.94,3.06,10.85,16,0,0.97,27.06,58.7,8.64,22.73,11.18,15.61,18.42,35.97,28.55,82.94,65.56,Mike Jones,4,1965,2011–12,430,Taurus,Snake,54,2018
S14,Wright State,Raiders,9c396fa7-c165-4599-8542-158bd0d9a199,33,6625,839,1914,1145,575,6625,0.502,264,769,0.343,25,484,656,0.738,310,758,1068,464,385,1.21,202,65,517,6,2426,133,1,523,318,0,0,1056,2593,2202.64,0.551,4.03,15.85,9.64,200.8,73.5,9.39,22.97,32.36,14.1,6.12,1.97,11.67,15.67,0.03,0.76,25.42,58,8,23.3,14.67,19.88,17.42,34.7,32,78.58,66.75,Scott Nagy,6,1966,2016–17,607,Gemini,Horse,53,2018
S7,Nevada,Wolf Pack,62a73b4a-e281-4483-a1f8-f1160a18e456,31,6200,857,1832,1047,580,6200,0.554,277,785,0.353,76,538,757,0.711,245,834,1079,468,317,1.48,197,121,530,12,2529,297,2,518,326,0,14,991,2883,2165.08,0.584,9.58,16.71,10.52,200,81.6,7.9,26.9,34.81,15.1,6.35,3.9,10.23,17.1,0.06,2.45,27.65,59.1,8.94,25.32,17.35,24.42,18.71,33.77,31.97,93,69.84,Eric Musselman,11,1964,2015–16,1119,Scorpio,Dragon,55,2018
W11,San Diego State,Aztecs,e6914f16-ca37-4d2e-ba26-a425910283e2,31,6200,784,1766,1109,541,6200,0.488,243,657,0.37,75,441,618,0.714,266,760,1026,452,397,1.14,183,103,581,6,2252,278,3,471,346,0,16,834,2460,2037.92,0.553,8.97,15.19,11.16,200,72.6,8.58,24.52,33.1,14.6,5.9,3.32,12.81,18.74,0.1,2.42,25.29,56.97,7.84,21.19,14.23,19.94,17.45,35.77,26.9,79.35,65.74,Brian Dutcher,10,1959,2017–18,1030,Scorpio,Pig,60,2018
M4,Auburn,Tigers,0c0608b3-f349-4f5e-9a10-7e6a744dd0d2,31,6250,857,1909,994,514,6250,0.517,343,915,0.375,112,425,603,0.705,337,665,1002,453,390,1.16,284,150,577,8,2482,354,4,699,367,0,13,946,2751,2174.32,0.571,11.42,22.55,11.84,201.6,80.1,10.87,21.45,32.32,14.6,9.16,4.84,12.58,18.61,0.13,3.61,27.65,61.58,11.06,29.52,13.71,19.45,16.58,32.06,30.52,88.74,70.14,Bruce Pearl,3,1960,2014–15,318,Pisces,Rat,59,2018
S5,Kentucky,Wildcats,2267a1f4-68f6-418b-aaf6-2aa0c4b291f1,31,6225,820,1720,1199,633,6225,0.528,187,521,0.359,91,554,746,0.743,319,802,1121,425,395,1.08,186,154,500,6,2381,294,3,516,355,0,9,1046,2780,2048.24,0.581,9.48,16.65,11.45,200.8,76.8,10.29,25.87,36.16,13.7,6,4.97,12.74,16.13,0.1,2.94,26.45,55.48,6.03,16.81,17.87,24.06,20.42,38.68,33.74,89.68,66.07,John Calipari,2,1959,2009–10,210,Aquarius,Pig,60,2018
W8,Missouri,Tigers,77ca152a-cb2f-48a5-97b2-492351250d94,30,6050,713,1659,973,467,6050,0.48,246,686,0.359,104,336,483,0.696,280,693,973,337,423,0.8,138,52,586,8,2008,107,4,370,336,0,20,817,1992,1871.52,0.536,3.57,12.33,11.2,201.7,66.9,9.33,23.1,32.43,11.2,4.6,1.73,14.1,19.53,0.13,3.47,23.77,55.3,8.2,22.87,11.2,16.1,15.57,32.43,27.23,66.4,62.38,Cuonzo Martin,9,1971,2017–18,923,Libra,Pig,48,2018
E6,Florida,Gators,912f8837-1d81-4ef9-a576-a21f271d4c64,31,6275,744,1758,995,489,6275,0.491,255,763,0.334,89,374,519,0.721,278,657,935,380,360,1.06,227,119,546,4,2117,130,1,546,296,0,5,786,2259,1986.36,0.533,4.19,17.61,9.55,202.4,68.3,8.97,21.19,30.16,12.3,7.32,3.84,11.61,17.61,0.03,2.87,24,56.71,8.23,24.61,12.06,16.74,15.77,32.1,25.35,72.87,64.08,Michael White,3,1977,2015–16,302,Pisces,Snake,42,2018
S3,Tennessee,Volunteers,b827dbdf-230f-4916-9703-3bb9004e26eb,31,6275,931,1866,1269,721,6275,0.568,210,597,0.352,74,480,629,0.763,284,808,1092,575,349,1.65,185,168,544,4,2552,243,3,510,361,0,11,1132,3139,2142.76,0.595,7.84,16.45,11.65,202.4,82.3,9.16,26.06,35.23,18.5,5.97,5.42,11.26,17.55,0.1,2.39,30.03,60.19,6.77,19.26,15.48,20.29,23.26,40.94,36.52,101.26,69.12,Rick Barnes,7,1954,2015–16,717,Cancer,Horse,65,2018
E9,Alabama,Crimson Tide,c2104cdc-c83d-40d2-a3cd-df986e29f5d3,31,6200,786,1761,1108,564,6200,0.509,222,653,0.34,129,458,685,0.669,291,764,1055,381,422,0.9,138,148,536,5,2252,193,2,417,352,0,9,1034,2350,2062.4,0.546,6.23,13.45,11.35,200,72.6,9.39,24.65,34.03,12.3,4.45,4.77,13.61,17.29,0.06,4.16,25.35,56.81,7.16,21.06,14.77,22.1,18.19,35.74,33.35,75.81,66.53,Avery Johnson,3,1965,2015–16,325,Aries,Snake,54,2018
E7,Arkansas,Razorbacks,c70c23c4-ab09-4797-a1af-792c848ab17f,31,6250,828,1846,1158,591,6250,0.51,237,688,0.344,102,472,712,0.663,266,671,937,492,412,1.19,254,150,632,4,2365,266,3,600,317,0,13,1008,2528,2159.28,0.548,8.58,19.35,10.23,201.6,76.3,8.58,21.65,30.23,15.9,8.19,4.84,13.29,20.39,0.1,3.29,26.71,59.55,7.65,22.19,15.23,22.97,19.06,37.35,32.52,81.55,69.65,Mike Anderson,12,1959,2011–12[a],1212,Sagittarius,Pig,60,2018
W7,Texas A&M,Aggies,ef184799-d79b-49d9-a662-991eaf4044cd,30,6000,760,1742,1110,567,6000,0.511,193,632,0.305,147,417,598,0.697,311,738,1049,360,417,0.86,197,139,493,8,2130,223,2,442,416,0,6,1016,2295,2005.12,0.531,7.43,14.73,13.87,200,71,10.37,24.6,34.97,12,6.57,4.63,13.9,16.43,0.07,4.9,25.33,58.07,6.43,21.07,13.9,19.93,18.9,37,33.87,76.5,66.84,Billy Kennedy,2,1964,2011–12,202,Aquarius,Dragon,55,2018
S13,Buffalo,Bulls,a9f5c9a2-342c-4881-9996-5d5c05ec9bd9,31,6225,943,2037,1160,645,6225,0.556,298,877,0.34,94,450,650,0.692,344,819,1163,532,372,1.43,231,122,568,7,2634,544,2,573,400,0,9,1210,3016,2323,0.567,17.55,18.48,12.9,200.8,85,11.1,26.42,37.52,17.2,7.45,3.94,12,18.32,0.06,3.03,30.42,65.71,9.61,28.29,14.52,20.97,20.81,37.42,39.03,97.29,74.94,Nate Oats,10,1974,2015–16,1013,Libra,Tiger,45,2018
E2,Purdue,Boilermakers,12d7f888-675b-459f-9099-a38f771d8a95,31,6250,828,1854,1024,523,6250,0.511,305,830,0.367,116,404,554,0.729,332,728,1060,442,332,1.33,203,127,543,3,2365,285,3,433,431,0,8,888,2689,2097.76,0.564,9.19,13.97,13.9,201.6,76.3,10.71,23.48,34.19,14.3,6.55,4.1,10.71,17.52,0.1,3.74,26.71,59.81,9.84,26.77,13.03,17.87,16.87,33.03,28.65,86.74,67.67,Matt Painter,8,1970,2005–06,827,Virgo,Dog,49,2018
W5,Ohio State,Buckeyes,857462b3-0ab6-4d26-9669-10ca354e382b,31,6225,745,1710,1032,516,6225,0.5,229,678,0.338,94,430,592,0.726,248,749,997,429,384,1.12,177,78,558,8,2149,222,3,411,315,0,13,852,2319,1970.48,0.545,7.16,13.26,10.16,200.8,69.3,8,24.16,32.16,13.8,5.71,2.52,12.39,18,0.1,3.03,24.03,55.16,7.39,21.87,13.87,19.1,16.65,33.29,27.48,74.81,63.56,Chris Holtmann,11,1971,2017–18,1111,Scorpio,Pig,48,2018
M3,Michigan State,Spartans,a41d5a05-4c11-4171-a57e-e7a1ea325a6d,31,6250,873,1786,1112,616,6250,0.554,257,674,0.381,90,468,628,0.745,307,890,1197,592,402,1.47,164,173,534,2,2471,520,5,348,361,0,4,1035,3122,2062.32,0.599,16.77,11.23,11.65,201.6,79.7,9.9,28.71,38.61,19.1,5.29,5.58,12.97,17.23,0.16,2.9,28.16,57.61,8.29,21.74,15.1,20.26,19.87,35.87,33.39,100.71,66.53,Tom Izzo,1,1955,1995–96,130,Aquarius,Goat,64,2018
W3,Michigan,Wolverines,bdc2561d-f603-4fab-a262-f1d2af462277,31,6200,795,1770,1069,549,6200,0.514,246,701,0.351,103,347,500,0.694,214,778,992,413,279,1.48,190,128,447,6,2183,275,3,397,281,1,3,918,2499,1990,0.548,8.87,12.81,9.06,200,70.4,6.9,25.1,32,13.3,6.13,4.13,9,14.42,0.1,3.32,25.65,57.1,7.94,22.61,11.19,16.13,17.71,34.48,29.61,80.61,64.19,John Beilein,2,1953,2007–08,205,Aquarius,Snake,66,2018
S16,UMBC,Retrievers,32755362-6336-4dd3-ac34-6f72a6cc150b,32,6550,774,1780,1022,527,6550,0.516,247,758,0.326,17,362,527,0.687,226,741,967,425,398,1.07,253,76,535,3,2157,246,1,522,265,0,0,894,2309,2011.88,0.536,7.69,16.31,8.28,204.7,67.4,7.06,23.16,30.22,13.3,7.91,2.38,12.44,16.72,0.03,0.53,24.19,55.63,7.72,23.69,11.31,16.47,16.47,31.94,27.94,72.16,62.87,Ryan Odom,7,1974,2016–17,711,Cancer,Tiger,45,2018
M16,Pennsylvania,Quakers,e6c94452-1adf-4fb9-90e5-10f165c57c5a,30,6125,799,1760,976,524,6125,0.537,275,784,0.351,22,319,499,0.639,223,752,975,456,382,1.19,204,74,482,5,2192,277,0,405,300,0,5,1028,2378,1979.56,0.554,9.23,13.5,10,204.2,73.1,7.43,25.07,32.5,15.2,6.8,2.47,12.73,16.07,0,0.73,26.63,58.67,9.17,26.13,10.63,16.63,17.47,32.53,34.27,79.27,65.99,Steve Donahue,5,1962,2015–16,521,Gemini,Tiger,57,2018
M13,Charleston,Cougars,8548dacb-3636-48a8-8c46-611ab0c15fc0,33,6650,878,1818,1151,651,6650,0.566,227,667,0.34,17,470,615,0.764,230,746,976,387,347,1.12,216,76,486,8,2453,315,0,499,286,0,1,1098,2676,2088.6,0.587,9.55,15.12,8.67,201.5,74.3,6.97,22.61,29.58,11.7,6.55,2.3,10.52,14.73,0,0.52,26.61,55.09,6.88,20.21,14.24,18.64,19.73,34.88,33.27,81.09,63.29,Earl Grant,12,1976,2014–15,1225,Capricorn,Dragon,43,2018
W4,Gonzaga,Bulldogs,2f4d21f8-6d5f-48a5-abca-52a30583871a,32,6400,1044,1949,1262,789,6400,0.625,255,687,0.371,64,542,706,0.768,277,890,1167,588,330,1.78,244,174,516,3,2885,388,0,582,389,0,5,1416,3659,2259.64,0.638,12.13,18.19,12.16,200,90.2,8.66,27.81,36.47,18.4,7.63,5.44,10.31,16.13,0,2,32.63,60.91,7.97,21.47,16.94,22.06,24.66,39.44,44.25,114.34,70.61,Mark Few,12,1962,1999–2000,1227,Capricorn,Tiger,57,2018
W1,Xavier,Musketeers,0d8a328f-20ce-410b-bed1-15fc01308aaf,31,6250,809,1721,1069,587,6250,0.549,222,652,0.34,99,402,583,0.69,281,761,1042,453,421,1.08,170,117,491,8,2242,229,2,382,353,0,10,1044,2510,1977.52,0.567,7.39,12.32,11.39,201.6,72.3,9.06,24.55,33.61,14.6,5.48,3.77,13.58,15.84,0.06,3.19,26.1,55.52,7.16,21.03,12.97,18.81,18.94,34.48,33.68,80.97,63.79,Travis Steele,11,1981,2018–19,1112,Scorpio,Rooster,38,2018
E1,Villanova,Wildcats,4383eb6a-7fd8-4ff2-94c5-43c933121e88,31,6250,771,1738,806,440,6250,0.546,331,932,0.355,69,441,607,0.727,284,718,1002,440,344,1.28,167,93,511,2,2314,295,0,407,338,0,14,746,2539,2005.08,0.577,9.52,13.13,10.9,201.6,74.6,9.16,23.16,32.32,14.2,5.39,3,11.1,16.48,0,2.23,24.87,56.06,10.68,30.06,14.23,19.58,14.19,26,24.06,81.9,64.68,Jay Wright,12,1961,2001–02,1224,Capricorn,Ox,58,2018
W10,Providence,Friars,7d3b9c72-cbdd-4b64-9aa3-a5bde9b75fdc,31,6325,762,1810,1186,556,6325,0.469,206,624,0.33,95,484,703,0.688,331,717,1048,449,407,1.1,227,121,553,3,2214,240,4,479,359,0,10,926,2385,2119.32,0.522,7.74,15.45,11.58,204,71.4,10.68,23.13,33.81,14.5,7.32,3.9,13.13,17.84,0.13,3.06,24.58,58.39,6.65,20.13,15.61,22.68,17.94,38.26,29.87,76.94,68.37,Ed Cooley,9,1969,2011–12,910,Virgo,Rooster,50,2018
S8,Creighton,Bluejays,7d797407-623e-476d-b299-46de4275414d,31,6300,877,1810,957,539,6300,0.563,338,853,0.396,102,367,532,0.69,218,761,979,499,411,1.21,210,78,523,3,2459,315,3,439,269,0,4,977,2716,2044.08,0.601,10.16,14.16,8.68,203.2,79.3,7.03,24.55,31.58,16.1,6.77,2.52,13.26,16.87,0.1,3.29,28.29,58.39,10.9,27.52,11.84,17.16,17.39,30.87,31.52,87.61,65.94,Greg McDermott,11,1964,2010–11,1125,Sagittarius,Dragon,55,2018
M8,Seton Hall,Pirates,aef5e386-d8e8-460c-8014-3a2f090fd988,30,6075,786,1771,1128,577,6075,0.512,209,643,0.325,132,433,606,0.715,267,708,975,410,383,1.07,211,120,548,5,2214,313,1,427,283,0,10,1042,2389,2037.64,0.543,10.43,14.23,9.43,202.5,73.8,8.9,23.6,32.5,13.7,7.03,4,12.77,18.27,0.03,4.4,26.2,59.03,6.97,21.43,14.43,20.2,19.23,37.6,34.73,79.63,67.92,Kevin Willard,4,1975,2010–11,406,Aries,Rabbit,44,2018
E10,Butler,Bulldogs,bdb7d7a4-45f8-4bf3-ab85-15488c451494,31,6250,812,1824,1046,539,6250,0.515,273,778,0.351,110,344,465,0.74,226,688,914,403,339,1.19,182,61,552,4,2241,265,2,471,257,0,7,914,2329,2028.6,0.552,8.55,15.19,8.29,201.6,72.3,7.29,22.19,29.48,13,5.87,1.97,10.94,17.81,0.06,3.55,26.19,58.84,8.81,25.1,11.1,15,17.39,33.74,29.48,75.13,65.44,LaVall Jordan,4,1979,2017–18,416,Aries,Goat,40,2018
E11,St. Bonaventure,Bonnies,22d90601-19d4-461b-a901-924d12f116ed,31,6325,759,1751,1174,573,6325,0.488,186,577,0.322,73,357,490,0.729,261,728,989,382,393,0.97,191,141,512,9,2061,237,2,420,265,0,13,904,2246,1966.6,0.524,7.65,13.55,8.55,204,66.5,8.42,23.48,31.9,12.3,6.16,4.55,12.68,16.52,0.06,2.35,24.48,56.48,6,18.61,11.52,15.81,18.48,37.87,29.16,72.45,63.44,Mark Schmidt,2,1963,2007–08,212,Aquarius,Rabbit,56,2018
S12,Davidson,Wildcats,2920c5fa-1e86-4958-a7c4-1e97b8e201d8,31,6225,781,1713,902,491,6225,0.544,290,811,0.358,66,362,484,0.748,200,803,1003,451,345,1.31,161,71,491,4,2214,163,1,409,208,0,10,902,2501,1925.96,0.575,5.26,13.19,6.71,200.8,71.4,6.45,25.9,32.35,14.5,5.19,2.29,11.13,15.84,0.03,2.13,25.19,55.26,9.35,26.16,11.68,15.61,15.84,29.1,29.1,80.68,62.13,Bob McKillop,7,1950,1989–90,713,Cancer,Tiger,69,2018
M7,Rhode Island,Rams,7e42bca2-3cd7-4aca-aa46-f190fe5d8eb4,30,6075,751,1745,1178,595,6075,0.505,156,567,0.275,84,433,646,0.67,296,693,989,366,373,0.98,223,120,544,9,2091,249,1,463,330,0,10,970,2209,2029.24,0.515,8.3,15.43,11,202.5,69.7,9.87,23.1,32.97,12.2,7.43,4,12.43,18.13,0.03,2.8,25.03,58.17,5.2,18.9,14.43,21.53,19.83,39.27,32.33,73.63,67.64,David Cox,10,1973,2018–19,1017,Libra,Ox,46,2018
M15,Iona,Gaels,255c2a87-40c0-4989-bbb9-d286aac5d28e,32,6400,835,1842,1038,553,6400,0.533,282,804,0.351,27,507,684,0.741,235,757,992,421,396,1.06,217,89,550,13,2459,312,1,513,285,0,5,928,2598,2142.96,0.574,9.75,16.03,8.91,200,76.8,7.34,23.66,31,13.2,6.78,2.78,12.38,17.19,0.03,0.84,26.09,57.56,8.81,25.13,15.84,21.38,17.28,32.44,29,81.19,66.97,Tim Cluess,3,1959,2010–11,309,Pisces,Pig,60,2018